sample	unit	library	flowcell	platform	lane	sample_id	barcode	fq1	fq2	kb1	kb2
2013BRY06_01	1	BCSB1	2337HWLT4	ILLUMINA	1	2013BRY06_01	TCAGACGA+CATACACT	data/Lane1/008_2013BRY06_01_10483618_2337HWLT4_L1_R1.fastq.gz	data/Lane1/008_2013BRY06_01_10483618_2337HWLT4_L1_R2.fastq.gz	428384	427128
2013BRY06_01	2	BCSB1	237LGHLT3	ILLUMINA	6	2013BRY06_01	TCAGACGA+CATACACT	data/Lane3/B_006_2013BRY06_01_10484832_237LGHLT3_L6_R1.fastq.gz	data/Lane3/B_006_2013BRY06_01_10484832_237LGHLT3_L6_R2.fastq.gz	431322	429436
2013R_BRY01_01	1	BCSB5	2337HWLT4	ILLUMINA	2	2013R_BRY01_01	TGGTCCGG+GATCGGTC	data/Lane2/175_2013R_BRY01_01_10483619_2337HWLT4_L2_R1.fastq.gz	data/Lane2/175_2013R_BRY01_01_10483619_2337HWLT4_L2_R2.fastq.gz	878096	785713
2013R_BRY01_01	2	BCSB5	237LGHLT3	ILLUMINA	6	2013R_BRY01_01	TGGTCCGG+GATCGGTC	data/Lane3/B_190_2013R_BRY01_01_10484832_237LGHLT3_L6_R1.fastq.gz	data/Lane3/B_190_2013R_BRY01_01_10484832_237LGHLT3_L6_R2.fastq.gz	900767	790254
2013R_BRY03_02	1	BCSB1	2337HWLT4	ILLUMINA	1	2013R_BRY03_02	GTTACGGC+CGGCTCTA	data/Lane1/011_2013R_BRY03_02_10483618_2337HWLT4_L1_R1.fastq.gz	data/Lane1/011_2013R_BRY03_02_10483618_2337HWLT4_L1_R2.fastq.gz	662348	664569
2013R_BRY03_02	2	BCSB1	237LGHLT3	ILLUMINA	6	2013R_BRY03_02	GTTACGGC+CGGCTCTA	data/Lane3/B_009_2013R_BRY03_02_10484832_237LGHLT3_L6_R1.fastq.gz	data/Lane3/B_009_2013R_BRY03_02_10484832_237LGHLT3_L6_R2.fastq.gz	510630	510534
2013R_BRY05_03	1	BCSB1	2337HWLT4	ILLUMINA	1	2013R_BRY05_03	GAGTACTT+TGAGCGTT	data/Lane1/046_2013R_BRY05_03_10483618_2337HWLT4_L1_R1.fastq.gz	data/Lane1/046_2013R_BRY05_03_10483618_2337HWLT4_L1_R2.fastq.gz	360970	363574
2013R_BRY05_03	2	BCSB1	237LGHLT3	ILLUMINA	6	2013R_BRY05_03	GAGTACTT+TGAGCGTT	data/Lane3/B_027_2013R_BRY05_03_10484832_237LGHLT3_L6_R1.fastq.gz	data/Lane3/B_027_2013R_BRY05_03_10484832_237LGHLT3_L6_R2.fastq.gz	462467	463196
2014R_BRY07_02	1	BCSB1	2337HWLT4	ILLUMINA	1	2014R_BRY07_02	ATGCATGT+ATGTAGAC	data/Lane1/062_2014R_BRY07_02_10483618_2337HWLT4_L1_R1.fastq.gz	data/Lane1/062_2014R_BRY07_02_10483618_2337HWLT4_L1_R2.fastq.gz	695131	667173
2014R_BRY07_02	2	BCSB1	237LGHLT3	ILLUMINA	6	2014R_BRY07_02	ATGCATGT+ATGTAGAC	data/Lane3/B_034_2014R_BRY07_02_10484832_237LGHLT3_L6_R1.fastq.gz	data/Lane3/B_034_2014R_BRY07_02_10484832_237LGHLT3_L6_R2.fastq.gz	470679	461778
2014R_BRY09_02	1	BCSB1	2337HWLT4	ILLUMINA	1	2014R_BRY09_02	CGTGAAGG+CTCGTGCG	data/Lane1/086_2014R_BRY09_02_10483618_2337HWLT4_L1_R1.fastq.gz	data/Lane1/086_2014R_BRY09_02_10483618_2337HWLT4_L1_R2.fastq.gz	111614	111265
2014R_BRY09_02	2	BCSB1	237LGHLT3	ILLUMINA	6	2014R_BRY09_02	CGTGAAGG+CTCGTGCG	data/Lane3/B_048_2014R_BRY09_02_10484832_237LGHLT3_L6_R1.fastq.gz	data/Lane3/B_048_2014R_BRY09_02_10484832_237LGHLT3_L6_R2.fastq.gz	267318	261916
2015R_DCA01_04	1	BCSB1	2337HWLT4	ILLUMINA	1	2015R_DCA01_04	CTCAATTC+GGCCATCA	data/Lane1/060_2015R_DCA01_04_10483618_2337HWLT4_L1_R1.fastq.gz	data/Lane1/060_2015R_DCA01_04_10483618_2337HWLT4_L1_R2.fastq.gz	590866	591726
2015R_DCA01_04	2	BCSB1	237LGHLT3	ILLUMINA	6	2015R_DCA01_04	CTCAATTC+GGCCATCA	data/Lane3/B_033_2015R_DCA01_04_10484832_237LGHLT3_L6_R1.fastq.gz	data/Lane3/B_033_2015R_DCA01_04_10484832_237LGHLT3_L6_R2.fastq.gz	0	0
2015T_SSD01_08	1	BCSB1	2337HWLT4	ILLUMINA	1	2015T_SSD01_08	GGTTCCTA+TAGGTTCT	data/Lane1/084_2015T_SSD01_08_10483618_2337HWLT4_L1_R1.fastq.gz	data/Lane1/084_2015T_SSD01_08_10483618_2337HWLT4_L1_R2.fastq.gz	279491	279560
2015T_SSD01_08	2	BCSB1	237LGHLT3	ILLUMINA	6	2015T_SSD01_08	GGTTCCTA+TAGGTTCT	data/Lane3/B_046_2015T_SSD01_08_10484832_237LGHLT3_L6_R1.fastq.gz	data/Lane3/B_046_2015T_SSD01_08_10484832_237LGHLT3_L6_R2.fastq.gz	468415	467876
2015T_SSD01_15	1	BCSB1	2337HWLT4	ILLUMINA	1	2015T_SSD01_15	GAATGGTT+TCGGCAGC	data/Lane1/012_2015T_SSD01_15_10483618_2337HWLT4_L1_R1.fastq.gz	data/Lane1/012_2015T_SSD01_15_10483618_2337HWLT4_L1_R2.fastq.gz	324456	321340
2015T_SSD01_15	2	BCSB1	237LGHLT3	ILLUMINA	6	2015T_SSD01_15	GAATGGTT+TCGGCAGC	data/Lane3/B_010_2015T_SSD01_15_10484832_237LGHLT3_L6_R1.fastq.gz	data/Lane3/B_010_2015T_SSD01_15_10484832_237LGHLT3_L6_R2.fastq.gz	530304	522926
2015T_SSD01_28	1	BCSB1	2337HWLT4	ILLUMINA	1	2015T_SSD01_28	CGCACGAG+GCCTCGGA	data/Lane1/037_2015T_SSD01_28_10483618_2337HWLT4_L1_R1.fastq.gz	data/Lane1/037_2015T_SSD01_28_10483618_2337HWLT4_L1_R2.fastq.gz	470187	468943
2015T_SSD01_28	2	BCSB1	237LGHLT3	ILLUMINA	6	2015T_SSD01_28	CGCACGAG+GCCTCGGA	data/Lane3/B_024_2015T_SSD01_28_10484832_237LGHLT3_L6_R1.fastq.gz	data/Lane3/B_024_2015T_SSD01_28_10484832_237LGHLT3_L6_R2.fastq.gz	459094	464457
A130	1	BCSB6	2337HWLT4	ILLUMINA	2	A130	CATTCGGC+GAACCATG	data/Lane2/251_A130_10483619_2337HWLT4_L2_R1.fastq.gz	data/Lane2/251_A130_10483619_2337HWLT4_L2_R2.fastq.gz	577114	578404
A130	2	BCSB6	237LGHLT3	ILLUMINA	6	A130	CATTCGGC+GAACCATG	data/Lane3/B_217_A130_10484832_237LGHLT3_L6_R1.fastq.gz	data/Lane3/B_217_A130_10484832_237LGHLT3_L6_R2.fastq.gz	596115	598969
A134	1	BCSB6	2337HWLT4	ILLUMINA	2	A134	ACTTACAG+CACATCGG	data/Lane2/255_A134_10483619_2337HWLT4_L2_R1.fastq.gz	data/Lane2/255_A134_10483619_2337HWLT4_L2_R2.fastq.gz	640714	647213
A134	2	BCSB6	237LGHLT3	ILLUMINA	6	A134	ACTTACAG+CACATCGG	data/Lane3/B_218_A134_10484832_237LGHLT3_L6_R1.fastq.gz	data/Lane3/B_218_A134_10484832_237LGHLT3_L6_R2.fastq.gz	490651	494932
A140	1	BCSB6	2337HWLT4	ILLUMINA	2	A140	GCTGATTC+ATCTTACT	data/Lane2/261_A140_10483619_2337HWLT4_L2_R1.fastq.gz	data/Lane2/261_A140_10483619_2337HWLT4_L2_R2.fastq.gz	495088	491298
A140	2	BCSB6	237LGHLT3	ILLUMINA	6	A140	GCTGATTC+ATCTTACT	data/Lane3/B_219_A140_10484832_237LGHLT3_L6_R1.fastq.gz	data/Lane3/B_219_A140_10484832_237LGHLT3_L6_R2.fastq.gz	586295	580811
CB13	1	BCSB1	2337HWLT4	ILLUMINA	1	CB13	TCGGAGTT+ACGCTAAT	data/Lane1/093_CB13_10483618_2337HWLT4_L1_R1.fastq.gz	data/Lane1/093_CB13_10483618_2337HWLT4_L1_R2.fastq.gz	396519	398984
CB13	2	BCSB1	237LGHLT3	ILLUMINA	6	CB13	TCGGAGTT+ACGCTAAT	data/Lane3/B_051_CB13_10484832_237LGHLT3_L6_R1.fastq.gz	data/Lane3/B_051_CB13_10484832_237LGHLT3_L6_R2.fastq.gz	465841	470248
CB203	1	BCSB2	2337HWLT4	ILLUMINA	1	CB203	ACGAGAGC+AACGTTAC	data/Lane1/181_CB203_10483618_2337HWLT4_L1_R1.fastq.gz	data/Lane1/181_CB203_10483618_2337HWLT4_L1_R2.fastq.gz	99813	94384
CB203	2	BCSB2	237LGHLT3	ILLUMINA	6	CB203	ACGAGAGC+AACGTTAC	data/Lane3/B_085_CB203_10484832_237LGHLT3_L6_R1.fastq.gz	data/Lane3/B_085_CB203_10484832_237LGHLT3_L6_R2.fastq.gz	176370	171608
CB24	1	BCSB1	2337HWLT4	ILLUMINA	1	CB24	ATGCGGTT+CATGTAGA	data/Lane1/095_CB24_10483618_2337HWLT4_L1_R1.fastq.gz	data/Lane1/095_CB24_10483618_2337HWLT4_L1_R2.fastq.gz	78272	80609
CB24	2	BCSB1	237LGHLT3	ILLUMINA	6	CB24	ATGCGGTT+CATGTAGA	data/Lane3/B_052_CB24_10484832_237LGHLT3_L6_R1.fastq.gz	data/Lane3/B_052_CB24_10484832_237LGHLT3_L6_R2.fastq.gz	141514	143053
CF_SB146	1	BCSB5	2337HWLT4	ILLUMINA	2	CF_SB146	GTAATTAC+ACACAATA	data/Lane2/143_CF_SB146_10483619_2337HWLT4_L2_R1.fastq.gz	data/Lane2/143_CF_SB146_10483619_2337HWLT4_L2_R2.fastq.gz	436161	434405
CF_SB146	2	BCSB5	237LGHLT3	ILLUMINA	6	CF_SB146	GTAATTAC+ACACAATA	data/Lane3/B_178_CF_SB146_10484832_237LGHLT3_L6_R1.fastq.gz	data/Lane3/B_178_CF_SB146_10484832_237LGHLT3_L6_R2.fastq.gz	520089	516634
CF_SB149	1	BCSB5	2337HWLT4	ILLUMINA	2	CF_SB149	CTCGGACT+CACCGAGG	data/Lane2/126_CF_SB149_10483619_2337HWLT4_L2_R1.fastq.gz	data/Lane2/126_CF_SB149_10483619_2337HWLT4_L2_R2.fastq.gz	240802	231107
CF_SB149	2	BCSB5	237LGHLT3	ILLUMINA	6	CF_SB149	CTCGGACT+CACCGAGG	data/Lane3/B_170_CF_SB149_10484832_237LGHLT3_L6_R1.fastq.gz	data/Lane3/B_170_CF_SB149_10484832_237LGHLT3_L6_R2.fastq.gz	511957	494918
CF_SB153	1	BCSB5	2337HWLT4	ILLUMINA	2	CF_SB153	TCCGAGGC+CTCGACTC	data/Lane2/108_CF_SB153_10483619_2337HWLT4_L2_R1.fastq.gz	data/Lane2/108_CF_SB153_10483619_2337HWLT4_L2_R2.fastq.gz	685145	570162
CF_SB153	2	BCSB5	237LGHLT3	ILLUMINA	6	CF_SB153	TCCGAGGC+CTCGACTC	data/Lane3/B_160_CF_SB153_10484832_237LGHLT3_L6_R1.fastq.gz	data/Lane3/B_160_CF_SB153_10484832_237LGHLT3_L6_R2.fastq.gz	705992	601985
CF_SB158	1	BCSB3	2337HWLT4	ILLUMINA	1	CF_SB158	CATATAAC+CGAAGACG	data/Lane1/217_CF_SB158_10483618_2337HWLT4_L1_R1.fastq.gz	data/Lane1/217_CF_SB158_10483618_2337HWLT4_L1_R2.fastq.gz	99813	99697
CF_SB158	2	BCSB3	237LGHLT3	ILLUMINA	6	CF_SB158	CATATAAC+CGAAGACG	data/Lane3/B_099_CF_SB158_10484832_237LGHLT3_L6_R1.fastq.gz	data/Lane3/B_099_CF_SB158_10484832_237LGHLT3_L6_R2.fastq.gz	184437	183808
CHOP_A279	1	BCSB5	2337HWLT4	ILLUMINA	2	CHOP_A279	CTAAGCGG+TTGAGTCT	data/Lane2/167_CHOP_A279_10483619_2337HWLT4_L2_R1.fastq.gz	data/Lane2/167_CHOP_A279_10483619_2337HWLT4_L2_R2.fastq.gz	137201	133690
CHOP_A279	2	BCSB5	237LGHLT3	ILLUMINA	6	CHOP_A279	CTAAGCGG+TTGAGTCT	data/Lane3/B_185_CHOP_A279_10484832_237LGHLT3_L6_R1.fastq.gz	data/Lane3/B_185_CHOP_A279_10484832_237LGHLT3_L6_R2.fastq.gz	370061	360445
CHOP_A281	1	BCSB5	2337HWLT4	ILLUMINA	2	CHOP_A281	GTTGTTGG+TACGGCGA	data/Lane2/102_CHOP_A281_10483619_2337HWLT4_L2_R1.fastq.gz	data/Lane2/102_CHOP_A281_10483619_2337HWLT4_L2_R2.fastq.gz	706174	726065
CHOP_A281	2	BCSB5	237LGHLT3	ILLUMINA	6	CHOP_A281	GTTGTTGG+TACGGCGA	data/Lane3/B_158_CHOP_A281_10484832_237LGHLT3_L6_R1.fastq.gz	data/Lane3/B_158_CHOP_A281_10484832_237LGHLT3_L6_R2.fastq.gz	544959	558719
CHOP_A282	1	BCSB4	2337HWLT4	ILLUMINA	2	CHOP_A282	TACTCATG+GACATTGT	data/Lane2/067_CHOP_A282_10483619_2337HWLT4_L2_R1.fastq.gz	data/Lane2/067_CHOP_A282_10483619_2337HWLT4_L2_R2.fastq.gz	246510	246975
CHOP_A282	2	BCSB4	237LGHLT3	ILLUMINA	6	CHOP_A282	TACTCATG+GACATTGT	data/Lane3/B_150_CHOP_A282_10484832_237LGHLT3_L6_R1.fastq.gz	data/Lane3/B_150_CHOP_A282_10484832_237LGHLT3_L6_R2.fastq.gz	460710	462776
CHOP_A343	1	BCSB2	2337HWLT4	ILLUMINA	1	CHOP_A343	CACGACTG+CTAATGTC	data/Lane1/122_CHOP_A343_10483618_2337HWLT4_L1_R1.fastq.gz	data/Lane1/122_CHOP_A343_10483618_2337HWLT4_L1_R2.fastq.gz	70030	55894
CHOP_A343	2	BCSB2	237LGHLT3	ILLUMINA	6	CHOP_A343	CACGACTG+CTAATGTC	data/Lane3/B_064_CHOP_A343_10484832_237LGHLT3_L6_R1.fastq.gz	data/Lane3/B_064_CHOP_A343_10484832_237LGHLT3_L6_R2.fastq.gz	165921	135757
CHOP_A52	1	BCSB2	2337HWLT4	ILLUMINA	1	CHOP_A52	TCGTCGCG+CTTCAGTT	data/Lane1/107_CHOP_A52_10483618_2337HWLT4_L1_R1.fastq.gz	data/Lane1/107_CHOP_A52_10483618_2337HWLT4_L1_R2.fastq.gz	92687	91466
CHOP_A52	2	BCSB2	237LGHLT3	ILLUMINA	6	CHOP_A52	TCGTCGCG+CTTCAGTT	data/Lane3/B_058_CHOP_A52_10484832_237LGHLT3_L6_R1.fastq.gz	data/Lane3/B_058_CHOP_A52_10484832_237LGHLT3_L6_R2.fastq.gz	183510	182449
CHOP_A66	1	BCSB2	2337HWLT4	ILLUMINA	1	CHOP_A66	GGTCCAAC+CGCGAGCC	data/Lane1/114_CHOP_A66_10483618_2337HWLT4_L1_R1.fastq.gz	data/Lane1/114_CHOP_A66_10483618_2337HWLT4_L1_R2.fastq.gz	84398	83027
CHOP_A66	2	BCSB2	237LGHLT3	ILLUMINA	6	CHOP_A66	GGTCCAAC+CGCGAGCC	data/Lane3/B_060_CHOP_A66_10484832_237LGHLT3_L6_R1.fastq.gz	data/Lane3/B_060_CHOP_A66_10484832_237LGHLT3_L6_R2.fastq.gz	147458	145857
CHOP_A70	1	BCSB3	2337HWLT4	ILLUMINA	1	CHOP_A70	ATATACGG+ATGCACCT	data/Lane1/250_CHOP_A70_10483618_2337HWLT4_L1_R1.fastq.gz	data/Lane1/250_CHOP_A70_10483618_2337HWLT4_L1_R2.fastq.gz	256368	256670
CHOP_A70	2	BCSB3	237LGHLT3	ILLUMINA	6	CHOP_A70	ATATACGG+ATGCACCT	data/Lane3/B_108_CHOP_A70_10484832_237LGHLT3_L6_R1.fastq.gz	data/Lane3/B_108_CHOP_A70_10484832_237LGHLT3_L6_R2.fastq.gz	487247	487763
CHOP_A71	1	BCSB3	2337HWLT4	ILLUMINA	1	CHOP_A71	AACCGGAG+GTTCACAA	data/Lane1/252_CHOP_A71_10483618_2337HWLT4_L1_R1.fastq.gz	data/Lane1/252_CHOP_A71_10483618_2337HWLT4_L1_R2.fastq.gz	435638	435835
CHOP_A71	2	BCSB3	237LGHLT3	ILLUMINA	6	CHOP_A71	AACCGGAG+GTTCACAA	data/Lane3/B_109_CHOP_A71_10484832_237LGHLT3_L6_R1.fastq.gz	data/Lane3/B_109_CHOP_A71_10484832_237LGHLT3_L6_R2.fastq.gz	510020	509180
CHPK12_01	1	BCSB1	2337HWLT4	ILLUMINA	1	CHPK12_01	CAAGCCAG+CGTTGCTT	data/Lane1/051_CHPK12_01_10483618_2337HWLT4_L1_R1.fastq.gz	data/Lane1/051_CHPK12_01_10483618_2337HWLT4_L1_R2.fastq.gz	148256	146129
CHPK12_01	2	BCSB1	237LGHLT3	ILLUMINA	6	CHPK12_01	CAAGCCAG+CGTTGCTT	data/Lane3/B_031_CHPK12_01_10484832_237LGHLT3_L6_R1.fastq.gz	data/Lane3/B_031_CHPK12_01_10484832_237LGHLT3_L6_R2.fastq.gz	290951	286611
CHPK12_02	1	BCSB1	2337HWLT4	ILLUMINA	1	CHPK12_02	AGCGGCAC+ATCACGAA	data/Lane1/010_CHPK12_02_10483618_2337HWLT4_L1_R1.fastq.gz	data/Lane1/010_CHPK12_02_10483618_2337HWLT4_L1_R2.fastq.gz	222110	222319
CHPK12_02	2	BCSB1	237LGHLT3	ILLUMINA	6	CHPK12_02	AGCGGCAC+ATCACGAA	data/Lane3/B_008_CHPK12_02_10484832_237LGHLT3_L6_R1.fastq.gz	data/Lane3/B_008_CHPK12_02_10484832_237LGHLT3_L6_R2.fastq.gz	410366	411620
CHPK12_04	1	BCSB1	2337HWLT4	ILLUMINA	1	CHPK12_04	AATTGTAA+TTCCGTCG	data/Lane1/035_CHPK12_04_10483618_2337HWLT4_L1_R1.fastq.gz	data/Lane1/035_CHPK12_04_10483618_2337HWLT4_L1_R2.fastq.gz	682041	673090
CHPK12_04	2	BCSB1	237LGHLT3	ILLUMINA	6	CHPK12_04	AATTGTAA+TTCCGTCG	data/Lane3/B_022_CHPK12_04_10484832_237LGHLT3_L6_R1.fastq.gz	data/Lane3/B_022_CHPK12_04_10484832_237LGHLT3_L6_R2.fastq.gz	469732	465804
CHPK12_06	1	BCSB1	2337HWLT4	ILLUMINA	1	CHPK12_06	GGCGCCTG+CACATCGG	data/Lane1/063_CHPK12_06_10483618_2337HWLT4_L1_R1.fastq.gz	data/Lane1/063_CHPK12_06_10483618_2337HWLT4_L1_R2.fastq.gz	617836	619743
CHPK12_06	2	BCSB1	237LGHLT3	ILLUMINA	6	CHPK12_06	GGCGCCTG+CACATCGG	data/Lane3/B_035_CHPK12_06_10484832_237LGHLT3_L6_R1.fastq.gz	data/Lane3/B_035_CHPK12_06_10484832_237LGHLT3_L6_R2.fastq.gz	428068	430654
CHPK12_08	1	BCSB1	2337HWLT4	ILLUMINA	1	CHPK12_08	TGCCTTAC+TGACTACA	data/Lane1/052_CHPK12_08_10483618_2337HWLT4_L1_R1.fastq.gz	data/Lane1/052_CHPK12_08_10483618_2337HWLT4_L1_R2.fastq.gz	289453	289453
CHPK12_08	2	BCSB1	237LGHLT3	ILLUMINA	6	CHPK12_08	TGCCTTAC+TGACTACA	data/Lane3/B_032_CHPK12_08_10484832_237LGHLT3_L6_R1.fastq.gz	data/Lane3/B_032_CHPK12_08_10484832_237LGHLT3_L6_R2.fastq.gz	499857	498226
CHPK12_10	1	BCSB3	2337HWLT4	ILLUMINA	1	CHPK12_10	ACATTGCG+CGTTCGGA	data/Lane1/229_CHPK12_10_10483618_2337HWLT4_L1_R1.fastq.gz	data/Lane1/229_CHPK12_10_10483618_2337HWLT4_L1_R2.fastq.gz	308995	309413
CHPK12_10	2	BCSB3	237LGHLT3	ILLUMINA	6	CHPK12_10	ACATTGCG+CGTTCGGA	data/Lane3/B_104_CHPK12_10_10484832_237LGHLT3_L6_R1.fastq.gz	data/Lane3/B_104_CHPK12_10_10484832_237LGHLT3_L6_R2.fastq.gz	489825	492125
CHPK12_11	1	BCSB1	2337HWLT4	ILLUMINA	1	CHPK12_11	ATGTGTCT+GGAATTCC	data/Lane1/044_CHPK12_11_10483618_2337HWLT4_L1_R1.fastq.gz	data/Lane1/044_CHPK12_11_10483618_2337HWLT4_L1_R2.fastq.gz	129435	126726
CHPK12_11	2	BCSB1	237LGHLT3	ILLUMINA	6	CHPK12_11	ATGTGTCT+GGAATTCC	data/Lane3/B_026_CHPK12_11_10484832_237LGHLT3_L6_R1.fastq.gz	data/Lane3/B_026_CHPK12_11_10484832_237LGHLT3_L6_R2.fastq.gz	285136	279628
CHPK12_12	1	BCSB3	2337HWLT4	ILLUMINA	1	CHPK12_12	ACTGCAAC+GGCTTAAT	data/Lane1/203_CHPK12_12_10483618_2337HWLT4_L1_R1.fastq.gz	data/Lane1/203_CHPK12_12_10483618_2337HWLT4_L1_R2.fastq.gz	357331	357529
CHPK12_12	2	BCSB3	237LGHLT3	ILLUMINA	6	CHPK12_12	ACTGCAAC+GGCTTAAT	data/Lane3/B_093_CHPK12_12_10484832_237LGHLT3_L6_R1.fastq.gz	data/Lane3/B_093_CHPK12_12_10484832_237LGHLT3_L6_R2.fastq.gz	491503	489638
CHPK12_13	1	BCSB3	2337HWLT4	ILLUMINA	1	CHPK12_13	CTGATGTC+AGTCCGAG	data/Lane1/206_CHPK12_13_10483618_2337HWLT4_L1_R1.fastq.gz	data/Lane1/206_CHPK12_13_10483618_2337HWLT4_L1_R2.fastq.gz	113404	113311
CHPK12_13	2	BCSB3	237LGHLT3	ILLUMINA	6	CHPK12_13	CTGATGTC+AGTCCGAG	data/Lane3/B_095_CHPK12_13_10484832_237LGHLT3_L6_R1.fastq.gz	data/Lane3/B_095_CHPK12_13_10484832_237LGHLT3_L6_R2.fastq.gz	201854	202426
CHPK12_15	1	BCSB5	2337HWLT4	ILLUMINA	2	CHPK12_15	CTGGTTGT+TAATACGG	data/Lane2/120_CHPK12_15_10483619_2337HWLT4_L2_R1.fastq.gz	data/Lane2/120_CHPK12_15_10483619_2337HWLT4_L2_R2.fastq.gz	562943	563071
CHPK12_15	2	BCSB5	237LGHLT3	ILLUMINA	6	CHPK12_15	CTGGTTGT+TAATACGG	data/Lane3/B_165_CHPK12_15_10484832_237LGHLT3_L6_R1.fastq.gz	data/Lane3/B_165_CHPK12_15_10484832_237LGHLT3_L6_R2.fastq.gz	493824	494612
CHPK12_17	1	BCSB1	2337HWLT4	ILLUMINA	1	CHPK12_17	TACTCATG+TGTGATGT	data/Lane1/067_CHPK12_17_10483618_2337HWLT4_L1_R1.fastq.gz	data/Lane1/067_CHPK12_17_10483618_2337HWLT4_L1_R2.fastq.gz	145536	144501
CHPK12_17	2	BCSB1	237LGHLT3	ILLUMINA	6	CHPK12_17	TACTCATG+TGTGATGT	data/Lane3/B_037_CHPK12_17_10484832_237LGHLT3_L6_R1.fastq.gz	data/Lane3/B_037_CHPK12_17_10484832_237LGHLT3_L6_R2.fastq.gz	300869	297971
CHPK12_18	1	BCSB1	2337HWLT4	ILLUMINA	1	CHPK12_18	TGTACACC+ATCATAGG	data/Lane1/047_CHPK12_18_10483618_2337HWLT4_L1_R1.fastq.gz	data/Lane1/047_CHPK12_18_10483618_2337HWLT4_L1_R2.fastq.gz	565419	567384
CHPK12_18	2	BCSB1	237LGHLT3	ILLUMINA	6	CHPK12_18	TGTACACC+ATCATAGG	data/Lane3/B_028_CHPK12_18_10484832_237LGHLT3_L6_R1.fastq.gz	data/Lane3/B_028_CHPK12_18_10484832_237LGHLT3_L6_R2.fastq.gz	449663	451098
CHPK12_19	1	BCSB1	2337HWLT4	ILLUMINA	1	CHPK12_19	TCCAATTG+AACCGCAT	data/Lane1/088_CHPK12_19_10483618_2337HWLT4_L1_R1.fastq.gz	data/Lane1/088_CHPK12_19_10483618_2337HWLT4_L1_R2.fastq.gz	296405	290139
CHPK12_19	2	BCSB1	237LGHLT3	ILLUMINA	6	CHPK12_19	TCCAATTG+AACCGCAT	data/Lane3/B_050_CHPK12_19_10484832_237LGHLT3_L6_R1.fastq.gz	data/Lane3/B_050_CHPK12_19_10484832_237LGHLT3_L6_R2.fastq.gz	454799	448244
CHPK12_20	1	BCSB1	2337HWLT4	ILLUMINA	1	CHPK12_20	CGTTATGT+TTAAGTTG	data/Lane1/064_CHPK12_20_10483618_2337HWLT4_L1_R1.fastq.gz	data/Lane1/064_CHPK12_20_10483618_2337HWLT4_L1_R2.fastq.gz	586437	589064
CHPK12_20	2	BCSB1	237LGHLT3	ILLUMINA	6	CHPK12_20	CGTTATGT+TTAAGTTG	data/Lane3/B_036_CHPK12_20_10484832_237LGHLT3_L6_R1.fastq.gz	data/Lane3/B_036_CHPK12_20_10484832_237LGHLT3_L6_R2.fastq.gz	478865	477803
CHPK12_23	1	BCSB1	2337HWLT4	ILLUMINA	1	CHPK12_23	ATCTCGCC+CCATAAGG	data/Lane1/030_CHPK12_23_10483618_2337HWLT4_L1_R1.fastq.gz	data/Lane1/030_CHPK12_23_10483618_2337HWLT4_L1_R2.fastq.gz	457795	458329
CHPK12_23	2	BCSB1	237LGHLT3	ILLUMINA	6	CHPK12_23	ATCTCGCC+CCATAAGG	data/Lane3/B_020_CHPK12_23_10484832_237LGHLT3_L6_R1.fastq.gz	data/Lane3/B_020_CHPK12_23_10484832_237LGHLT3_L6_R2.fastq.gz	474653	474837
CHPK12_24	1	BCSB5	2337HWLT4	ILLUMINA	2	CHPK12_24	ATACGCGA+ATTAGTGG	data/Lane2/132_CHPK12_24_10483619_2337HWLT4_L2_R1.fastq.gz	data/Lane2/132_CHPK12_24_10483619_2337HWLT4_L2_R2.fastq.gz	594470	590273
CHPK12_24	2	BCSB5	237LGHLT3	ILLUMINA	6	CHPK12_24	ATACGCGA+ATTAGTGG	data/Lane3/B_172_CHPK12_24_10484832_237LGHLT3_L6_R1.fastq.gz	data/Lane3/B_172_CHPK12_24_10484832_237LGHLT3_L6_R2.fastq.gz	610252	612642
CHPK12_28	1	BCSB1	2337HWLT4	ILLUMINA	1	CHPK12_28	AGCATCCA+GAACATAC	data/Lane1/020_CHPK12_28_10483618_2337HWLT4_L1_R1.fastq.gz	data/Lane1/020_CHPK12_28_10483618_2337HWLT4_L1_R2.fastq.gz	693863	687795
CHPK12_28	2	BCSB1	237LGHLT3	ILLUMINA	6	CHPK12_28	AGCATCCA+GAACATAC	data/Lane3/B_016_CHPK12_28_10484832_237LGHLT3_L6_R1.fastq.gz	data/Lane3/B_016_CHPK12_28_10484832_237LGHLT3_L6_R2.fastq.gz	492015	490646
CHPK12_32	1	BCSB2	2337HWLT4	ILLUMINA	1	CHPK12_32	CCACTAAT+TCAGTTAA	data/Lane1/144_CHPK12_32_10483618_2337HWLT4_L1_R1.fastq.gz	data/Lane1/144_CHPK12_32_10483618_2337HWLT4_L1_R2.fastq.gz	365376	367945
CHPK12_32	2	BCSB2	237LGHLT3	ILLUMINA	6	CHPK12_32	CCACTAAT+TCAGTTAA	data/Lane3/B_071_CHPK12_32_10484832_237LGHLT3_L6_R1.fastq.gz	data/Lane3/B_071_CHPK12_32_10484832_237LGHLT3_L6_R2.fastq.gz	475918	477003
CHPK12_33	1	BCSB2	2337HWLT4	ILLUMINA	1	CHPK12_33	CTCGGACT+GAGTTGTA	data/Lane1/126_CHPK12_33_10483618_2337HWLT4_L1_R1.fastq.gz	data/Lane1/126_CHPK12_33_10483618_2337HWLT4_L1_R2.fastq.gz	184619	184770
CHPK12_33	2	BCSB2	237LGHLT3	ILLUMINA	6	CHPK12_33	CTCGGACT+GAGTTGTA	data/Lane3/B_066_CHPK12_33_10484832_237LGHLT3_L6_R1.fastq.gz	data/Lane3/B_066_CHPK12_33_10484832_237LGHLT3_L6_R2.fastq.gz	359327	359419
CHPK12_35	1	BCSB4	2337HWLT4	ILLUMINA	2	CHPK12_35	ATCGGCTG+GGCAGTAG	data/Lane2/028_CHPK12_35_10483619_2337HWLT4_L2_R1.fastq.gz	data/Lane2/028_CHPK12_35_10483619_2337HWLT4_L2_R2.fastq.gz	703210	705035
CHPK12_35	2	BCSB4	237LGHLT3	ILLUMINA	6	CHPK12_35	ATCGGCTG+GGCAGTAG	data/Lane3/B_137_CHPK12_35_10484832_237LGHLT3_L6_R1.fastq.gz	data/Lane3/B_137_CHPK12_35_10484832_237LGHLT3_L6_R2.fastq.gz	576568	578647
CHPK2	1	BCSB1	2337HWLT4	ILLUMINA	1	CHPK2	TAACAAGG+ATGTCGTG	data/Lane1/070_CHPK2_10483618_2337HWLT4_L1_R1.fastq.gz	data/Lane1/070_CHPK2_10483618_2337HWLT4_L1_R2.fastq.gz	488427	490565
CHPK2	2	BCSB1	237LGHLT3	ILLUMINA	6	CHPK2	TAACAAGG+ATGTCGTG	data/Lane3/B_039_CHPK2_10484832_237LGHLT3_L6_R1.fastq.gz	data/Lane3/B_039_CHPK2_10484832_237LGHLT3_L6_R2.fastq.gz	475899	476902
CHPK3	1	BCSB1	2337HWLT4	ILLUMINA	1	CHPK3	CTGAGTAG+ACCAGCGA	data/Lane1/007_CHPK3_10483618_2337HWLT4_L1_R1.fastq.gz	data/Lane1/007_CHPK3_10483618_2337HWLT4_L1_R2.fastq.gz	297904	298230
CHPK3	2	BCSB1	237LGHLT3	ILLUMINA	6	CHPK3	CTGAGTAG+ACCAGCGA	data/Lane3/B_005_CHPK3_10484832_237LGHLT3_L6_R1.fastq.gz	data/Lane3/B_005_CHPK3_10484832_237LGHLT3_L6_R2.fastq.gz	478088	474245
CHPK5	1	BCSB1	2337HWLT4	ILLUMINA	1	CHPK5	TAGAATTA+GAGCGCAA	data/Lane1/068_CHPK5_10483618_2337HWLT4_L1_R1.fastq.gz	data/Lane1/068_CHPK5_10483618_2337HWLT4_L1_R2.fastq.gz	394636	394775
CHPK5	2	BCSB1	237LGHLT3	ILLUMINA	6	CHPK5	TAGAATTA+GAGCGCAA	data/Lane3/B_038_CHPK5_10484832_237LGHLT3_L6_R1.fastq.gz	data/Lane3/B_038_CHPK5_10484832_237LGHLT3_L6_R2.fastq.gz	519800	512701
DEL01	1	BCSB2	2337HWLT4	ILLUMINA	1	DEL01	CACGAGAC+CAACGTCA	data/Lane1/119_DEL01_10483618_2337HWLT4_L1_R1.fastq.gz	data/Lane1/119_DEL01_10483618_2337HWLT4_L1_R2.fastq.gz	236420	227596
DEL01	2	BCSB2	237LGHLT3	ILLUMINA	6	DEL01	CACGAGAC+CAACGTCA	data/Lane3/B_063_DEL01_10484832_237LGHLT3_L6_R1.fastq.gz	data/Lane3/B_063_DEL01_10484832_237LGHLT3_L6_R2.fastq.gz	470617	461283
DEL03	1	BCSB2	2337HWLT4	ILLUMINA	1	DEL03	TCCGAGGC+CGCGCCTA	data/Lane1/108_DEL03_10483618_2337HWLT4_L1_R1.fastq.gz	data/Lane1/108_DEL03_10483618_2337HWLT4_L1_R2.fastq.gz	176121	176295
DEL03	2	BCSB2	237LGHLT3	ILLUMINA	6	DEL03	TCCGAGGC+CGCGCCTA	data/Lane3/B_059_DEL03_10484832_237LGHLT3_L6_R1.fastq.gz	data/Lane3/B_059_DEL03_10484832_237LGHLT3_L6_R2.fastq.gz	371794	368876
DEL04	1	BCSB2	2337HWLT4	ILLUMINA	1	DEL04	TGTTCGTC+GACGAACA	data/Lane1/105_DEL04_10483618_2337HWLT4_L1_R1.fastq.gz	data/Lane1/105_DEL04_10483618_2337HWLT4_L1_R2.fastq.gz	495320	455226
DEL04	2	BCSB2	237LGHLT3	ILLUMINA	6	DEL04	TGTTCGTC+GACGAACA	data/Lane3/B_056_DEL04_10484832_237LGHLT3_L6_R1.fastq.gz	data/Lane3/B_056_DEL04_10484832_237LGHLT3_L6_R2.fastq.gz	499525	470945
DEL05	1	BCSB2	2337HWLT4	ILLUMINA	1	DEL05	ATCTGTGA+TTGAGGAC	data/Lane1/168_DEL05_10483618_2337HWLT4_L1_R1.fastq.gz	data/Lane1/168_DEL05_10483618_2337HWLT4_L1_R2.fastq.gz	585309	579718
DEL05	2	BCSB2	237LGHLT3	ILLUMINA	6	DEL05	ATCTGTGA+TTGAGGAC	data/Lane3/B_078_DEL05_10484832_237LGHLT3_L6_R1.fastq.gz	data/Lane3/B_078_DEL05_10484832_237LGHLT3_L6_R2.fastq.gz	448449	449325
DEL12_14	1	BCSB4	2337HWLT4	ILLUMINA	2	DEL12_14	GAATGGTT+CGCGCCTA	data/Lane2/012_DEL12_14_10483619_2337HWLT4_L2_R1.fastq.gz	data/Lane2/012_DEL12_14_10483619_2337HWLT4_L2_R2.fastq.gz	436916	444170
DEL12_14	2	BCSB4	237LGHLT3	ILLUMINA	6	DEL12_14	GAATGGTT+CGCGCCTA	data/Lane3/B_132_DEL12_14_10484832_237LGHLT3_L6_R1.fastq.gz	data/Lane3/B_132_DEL12_14_10484832_237LGHLT3_L6_R2.fastq.gz	676249	677744
DEL12_17	1	BCSB3	2337HWLT4	ILLUMINA	1	DEL12_17	GTTCGTCT+GGTGTCTT	data/Lane1/259_DEL12_17_10483618_2337HWLT4_L1_R1.fastq.gz	data/Lane1/259_DEL12_17_10483618_2337HWLT4_L1_R2.fastq.gz	395229	395322
DEL12_17	2	BCSB3	237LGHLT3	ILLUMINA	6	DEL12_17	GTTCGTCT+GGTGTCTT	data/Lane3/B_111_DEL12_17_10484832_237LGHLT3_L6_R1.fastq.gz	data/Lane3/B_111_DEL12_17_10484832_237LGHLT3_L6_R2.fastq.gz	545699	543772
DEL12_18	1	BCSB3	2337HWLT4	ILLUMINA	1	DEL12_18	CGTACTAG+GATCGGTC	data/Lane1/271_DEL12_18_10483618_2337HWLT4_L1_R1.fastq.gz	data/Lane1/271_DEL12_18_10483618_2337HWLT4_L1_R2.fastq.gz	110975	102872
DEL12_18	2	BCSB3	237LGHLT3	ILLUMINA	6	DEL12_18	CGTACTAG+GATCGGTC	data/Lane3/B_115_DEL12_18_10484832_237LGHLT3_L6_R1.fastq.gz	data/Lane3/B_115_DEL12_18_10484832_237LGHLT3_L6_R2.fastq.gz	329198	287662
DEL12_19	1	BCSB3	2337HWLT4	ILLUMINA	1	DEL12_19	TGCGAGTG+TCTCACGC	data/Lane1/218_DEL12_19_10483618_2337HWLT4_L1_R1.fastq.gz	data/Lane1/218_DEL12_19_10483618_2337HWLT4_L1_R2.fastq.gz	474918	394322
DEL12_19	2	BCSB3	237LGHLT3	ILLUMINA	6	DEL12_19	TGCGAGTG+TCTCACGC	data/Lane3/B_100_DEL12_19_10484832_237LGHLT3_L6_R1.fastq.gz	data/Lane3/B_100_DEL12_19_10484832_237LGHLT3_L6_R2.fastq.gz	601856	509003
DEL12_34	1	BCSB5	2337HWLT4	ILLUMINA	2	DEL12_34	AACGGTGT+CTCACACA	data/Lane2/098_DEL12_34_10483619_2337HWLT4_L2_R1.fastq.gz	data/Lane2/098_DEL12_34_10483619_2337HWLT4_L2_R2.fastq.gz	770019	751779
DEL12_34	2	BCSB5	237LGHLT3	ILLUMINA	6	DEL12_34	AACGGTGT+CTCACACA	data/Lane3/B_157_DEL12_34_10484832_237LGHLT3_L6_R1.fastq.gz	data/Lane3/B_157_DEL12_34_10484832_237LGHLT3_L6_R2.fastq.gz	530942	525103
DEL12_36	1	BCSB5	2337HWLT4	ILLUMINA	2	DEL12_36	CGAATATA+GATGGTAT	data/Lane2/106_DEL12_36_10483619_2337HWLT4_L2_R1.fastq.gz	data/Lane2/106_DEL12_36_10483619_2337HWLT4_L2_R2.fastq.gz	667208	670602
DEL12_36	2	BCSB5	237LGHLT3	ILLUMINA	6	DEL12_36	CGAATATA+GATGGTAT	data/Lane3/B_159_DEL12_36_10484832_237LGHLT3_L6_R1.fastq.gz	data/Lane3/B_159_DEL12_36_10484832_237LGHLT3_L6_R2.fastq.gz	512486	515064
DEL12_38	1	BCSB2	2337HWLT4	ILLUMINA	1	DEL12_38	GTTATATC+GTAGAGTC	data/Lane1/162_DEL12_38_10483618_2337HWLT4_L1_R1.fastq.gz	data/Lane1/162_DEL12_38_10483618_2337HWLT4_L1_R2.fastq.gz	313517	263366
DEL12_38	2	BCSB2	237LGHLT3	ILLUMINA	6	DEL12_38	GTTATATC+GTAGAGTC	data/Lane3/B_076_DEL12_38_10484832_237LGHLT3_L6_R1.fastq.gz	data/Lane3/B_076_DEL12_38_10484832_237LGHLT3_L6_R2.fastq.gz	656481	568202
DEL12_39	1	BCSB5	2337HWLT4	ILLUMINA	2	DEL12_39	CACAGTAT+ACGCTGTC	data/Lane2/160_DEL12_39_10483619_2337HWLT4_L2_R1.fastq.gz	data/Lane2/160_DEL12_39_10483619_2337HWLT4_L2_R2.fastq.gz	577090	457888
DEL12_39	2	BCSB5	237LGHLT3	ILLUMINA	6	DEL12_39	CACAGTAT+ACGCTGTC	data/Lane3/B_182_DEL12_39_10484832_237LGHLT3_L6_R1.fastq.gz	data/Lane3/B_182_DEL12_39_10484832_237LGHLT3_L6_R2.fastq.gz	857185	698531
DEL12_40	1	BCSB5	2337HWLT4	ILLUMINA	2	DEL12_40	GCATCTTG+TACTGCAG	data/Lane2/155_DEL12_40_10483619_2337HWLT4_L2_R1.fastq.gz	data/Lane2/155_DEL12_40_10483619_2337HWLT4_L2_R2.fastq.gz	449285	445553
DEL12_40	2	BCSB5	237LGHLT3	ILLUMINA	6	DEL12_40	GCATCTTG+TACTGCAG	data/Lane3/B_181_DEL12_40_10484832_237LGHLT3_L6_R1.fastq.gz	data/Lane3/B_181_DEL12_40_10484832_237LGHLT3_L6_R2.fastq.gz	580040	579848
DEL12_41	1	BCSB2	2337HWLT4	ILLUMINA	1	DEL12_41	CTGGAATG+AGCCGGAA	data/Lane1/171_DEL12_41_10483618_2337HWLT4_L1_R1.fastq.gz	data/Lane1/171_DEL12_41_10483618_2337HWLT4_L1_R2.fastq.gz	496936	498598
DEL12_41	2	BCSB2	237LGHLT3	ILLUMINA	6	DEL12_41	CTGGAATG+AGCCGGAA	data/Lane3/B_079_DEL12_41_10484832_237LGHLT3_L6_R1.fastq.gz	data/Lane3/B_079_DEL12_41_10484832_237LGHLT3_L6_R2.fastq.gz	446819	446088
DEL12_43	1	BCSB5	2337HWLT4	ILLUMINA	2	DEL12_43	TGATAACT+CCGCTTAG	data/Lane2/125_DEL12_43_10483619_2337HWLT4_L2_R1.fastq.gz	data/Lane2/125_DEL12_43_10483619_2337HWLT4_L2_R2.fastq.gz	303671	307367
DEL12_43	2	BCSB5	237LGHLT3	ILLUMINA	6	DEL12_43	TGATAACT+CCGCTTAG	data/Lane3/B_169_DEL12_43_10484832_237LGHLT3_L6_R1.fastq.gz	data/Lane3/B_169_DEL12_43_10484832_237LGHLT3_L6_R2.fastq.gz	641615	642415
DEL12_44	1	BCSB5	2337HWLT4	ILLUMINA	2	DEL12_44	GAAGCGCT+TGGTATAC	data/Lane2/134_DEL12_44_10483619_2337HWLT4_L2_R1.fastq.gz	data/Lane2/134_DEL12_44_10483619_2337HWLT4_L2_R2.fastq.gz	758161	733819
DEL12_44	2	BCSB5	237LGHLT3	ILLUMINA	6	DEL12_44	GAAGCGCT+TGGTATAC	data/Lane3/B_173_DEL12_44_10484832_237LGHLT3_L6_R1.fastq.gz	data/Lane3/B_173_DEL12_44_10484832_237LGHLT3_L6_R2.fastq.gz	545785	538107
DEL14_08	1	BCSB3	2337HWLT4	ILLUMINA	1	DEL14_08	GCTTGCCG+TACGGCGA	data/Lane1/198_DEL14_08_10483618_2337HWLT4_L1_R1.fastq.gz	data/Lane1/198_DEL14_08_10483618_2337HWLT4_L1_R2.fastq.gz	368468	317760
DEL14_08	2	BCSB3	237LGHLT3	ILLUMINA	6	DEL14_08	GCTTGCCG+TACGGCGA	data/Lane3/B_092_DEL14_08_10484832_237LGHLT3_L6_R1.fastq.gz	data/Lane3/B_092_DEL14_08_10484832_237LGHLT3_L6_R2.fastq.gz	536395	476577
DEL14_11	1	BCSB4	2337HWLT4	ILLUMINA	2	DEL14_11	AATTGTAA+GGACCAAC	data/Lane2/035_DEL14_11_10483619_2337HWLT4_L2_R1.fastq.gz	data/Lane2/035_DEL14_11_10483619_2337HWLT4_L2_R2.fastq.gz	465165	454214
DEL14_11	2	BCSB4	237LGHLT3	ILLUMINA	6	DEL14_11	AATTGTAA+GGACCAAC	data/Lane3/B_139_DEL14_11_10484832_237LGHLT3_L6_R1.fastq.gz	data/Lane3/B_139_DEL14_11_10484832_237LGHLT3_L6_R2.fastq.gz	659692	649950
DEL14_12	1	BCSB4	2337HWLT4	ILLUMINA	2	DEL14_12	GTAACGTT+TAGGAAGA	data/Lane2/081_DEL14_12_10483619_2337HWLT4_L2_R1.fastq.gz	data/Lane2/081_DEL14_12_10483619_2337HWLT4_L2_R2.fastq.gz	654245	656048
DEL14_12	2	BCSB4	237LGHLT3	ILLUMINA	6	DEL14_12	GTAACGTT+TAGGAAGA	data/Lane3/B_151_DEL14_12_10484832_237LGHLT3_L6_R1.fastq.gz	data/Lane3/B_151_DEL14_12_10484832_237LGHLT3_L6_R2.fastq.gz	513912	517098
DEL14_E17	1	BCSB3	2337HWLT4	ILLUMINA	1	DEL14_E17	TCCTGAGC+TAGATCGC	data/Lane1/273_DEL14_E17_10483618_2337HWLT4_L1_R1.fastq.gz	data/Lane1/273_DEL14_E17_10483618_2337HWLT4_L1_R2.fastq.gz	756685	652548
DEL14_E17	2	BCSB3	237LGHLT3	ILLUMINA	6	DEL14_E17	TCCTGAGC+TAGATCGC	data/Lane3/B_116_DEL14_E17_10484832_237LGHLT3_L6_R1.fastq.gz	data/Lane3/B_116_DEL14_E17_10484832_237LGHLT3_L6_R2.fastq.gz	473431	427430
DEL14_E33	1	BCSB2	2337HWLT4	ILLUMINA	1	DEL14_E33	GAGTCGAG+CACCTCTT	data/Lane1/180_DEL14_E33_10483618_2337HWLT4_L1_R1.fastq.gz	data/Lane1/180_DEL14_E33_10483618_2337HWLT4_L1_R2.fastq.gz	713603	689144
DEL14_E33	2	BCSB2	237LGHLT3	ILLUMINA	6	DEL14_E33	GAGTCGAG+CACCTCTT	data/Lane3/B_084_DEL14_E33_10484832_237LGHLT3_L6_R1.fastq.gz	data/Lane3/B_084_DEL14_E33_10484832_237LGHLT3_L6_R2.fastq.gz	472043	464428
DEL14_E34	1	BCSB2	2337HWLT4	ILLUMINA	1	DEL14_E34	GTCGGCAT+GCGTTGGT	data/Lane1/190_DEL14_E34_10483618_2337HWLT4_L1_R1.fastq.gz	data/Lane1/190_DEL14_E34_10483618_2337HWLT4_L1_R2.fastq.gz	518558	525080
DEL14_E34	2	BCSB2	237LGHLT3	ILLUMINA	6	DEL14_E34	GTCGGCAT+GCGTTGGT	data/Lane3/B_090_DEL14_E34_10484832_237LGHLT3_L6_R1.fastq.gz	data/Lane3/B_090_DEL14_E34_10484832_237LGHLT3_L6_R2.fastq.gz	494256	496337
DEL14_E35	1	BCSB2	2337HWLT4	ILLUMINA	1	DEL14_E35	ACATCACA+GTTCCGCA	data/Lane1/185_DEL14_E35_10483618_2337HWLT4_L1_R1.fastq.gz	data/Lane1/185_DEL14_E35_10483618_2337HWLT4_L1_R2.fastq.gz	327130	327130
DEL14_E35	2	BCSB2	237LGHLT3	ILLUMINA	6	DEL14_E35	ACATCACA+GTTCCGCA	data/Lane3/B_087_DEL14_E35_10484832_237LGHLT3_L6_R1.fastq.gz	data/Lane3/B_087_DEL14_E35_10484832_237LGHLT3_L6_R2.fastq.gz	477684	477350
DEL14_E38	1	BCSB4	2337HWLT4	ILLUMINA	2	DEL14_E38	ATACCTAT+AACGTTAC	data/Lane2/085_DEL14_E38_10483619_2337HWLT4_L2_R1.fastq.gz	data/Lane2/085_DEL14_E38_10483619_2337HWLT4_L2_R2.fastq.gz	494390	485509
DEL14_E38	2	BCSB4	237LGHLT3	ILLUMINA	6	DEL14_E38	ATACCTAT+AACGTTAC	data/Lane3/B_153_DEL14_E38_10484832_237LGHLT3_L6_R1.fastq.gz	data/Lane3/B_153_DEL14_E38_10484832_237LGHLT3_L6_R2.fastq.gz	521327	515223
DEL14_E40	1	BCSB4	2337HWLT4	ILLUMINA	2	DEL14_E40	CGTGAAGG+CGGCAAGC	data/Lane2/086_DEL14_E40_10483619_2337HWLT4_L2_R1.fastq.gz	data/Lane2/086_DEL14_E40_10483619_2337HWLT4_L2_R2.fastq.gz	209450	205730
DEL14_E40	2	BCSB4	237LGHLT3	ILLUMINA	6	DEL14_E40	CGTGAAGG+CGGCAAGC	data/Lane3/B_154_DEL14_E40_10484832_237LGHLT3_L6_R1.fastq.gz	data/Lane3/B_154_DEL14_E40_10484832_237LGHLT3_L6_R2.fastq.gz	422030	417405
DEL14_E6	1	BCSB2	2337HWLT4	ILLUMINA	1	DEL14_E6	GCTCCGTT+ACGGAATG	data/Lane1/184_DEL14_E6_10483618_2337HWLT4_L1_R1.fastq.gz	data/Lane1/184_DEL14_E6_10483618_2337HWLT4_L1_R2.fastq.gz	775599	775367
DEL14_E6	2	BCSB2	237LGHLT3	ILLUMINA	6	DEL14_E6	GCTCCGTT+ACGGAATG	data/Lane3/B_086_DEL14_E6_10484832_237LGHLT3_L6_R1.fastq.gz	data/Lane3/B_086_DEL14_E6_10484832_237LGHLT3_L6_R2.fastq.gz	515944	517606
HUD12_01	1	BCSB1	2337HWLT4	ILLUMINA	1	HUD12_01	GCCTCTGT+ACCACACG	data/Lane1/083_HUD12_01_10483618_2337HWLT4_L1_R1.fastq.gz	data/Lane1/083_HUD12_01_10483618_2337HWLT4_L1_R2.fastq.gz	257961	259263
HUD12_01	2	BCSB1	237LGHLT3	ILLUMINA	6	HUD12_01	GCCTCTGT+ACCACACG	data/Lane3/B_045_HUD12_01_10484832_237LGHLT3_L6_R1.fastq.gz	data/Lane3/B_045_HUD12_01_10484832_237LGHLT3_L6_R2.fastq.gz	540123	537394
HUD12_02	1	BCSB1	2337HWLT4	ILLUMINA	1	HUD12_02	ATCATTAG+CTGTGTTA	data/Lane1/014_HUD12_02_10483618_2337HWLT4_L1_R1.fastq.gz	data/Lane1/014_HUD12_02_10483618_2337HWLT4_L1_R2.fastq.gz	407668	408621
HUD12_02	2	BCSB1	237LGHLT3	ILLUMINA	6	HUD12_02	ATCATTAG+CTGTGTTA	data/Lane3/B_012_HUD12_02_10484832_237LGHLT3_L6_R1.fastq.gz	data/Lane3/B_012_HUD12_02_10484832_237LGHLT3_L6_R2.fastq.gz	493529	492947
HUD12_13	1	BCSB1	2337HWLT4	ILLUMINA	1	HUD12_13	GAGGAATA+CTTAACCA	data/Lane1/036_HUD12_13_10483618_2337HWLT4_L1_R1.fastq.gz	data/Lane1/036_HUD12_13_10483618_2337HWLT4_L1_R2.fastq.gz	339150	339429
HUD12_13	2	BCSB1	237LGHLT3	ILLUMINA	6	HUD12_13	GAGGAATA+CTTAACCA	data/Lane3/B_023_HUD12_13_10484832_237LGHLT3_L6_R1.fastq.gz	data/Lane3/B_023_HUD12_13_10484832_237LGHLT3_L6_R2.fastq.gz	567455	565878
HUD12_15	1	BCSB1	2337HWLT4	ILLUMINA	1	HUD12_15	CGGTGTGA+CTCCGTGC	data/Lane1/080_HUD12_15_10483618_2337HWLT4_L1_R1.fastq.gz	data/Lane1/080_HUD12_15_10483618_2337HWLT4_L1_R2.fastq.gz	683215	613314
HUD12_15	2	BCSB1	237LGHLT3	ILLUMINA	6	HUD12_15	CGGTGTGA+CTCCGTGC	data/Lane3/B_042_HUD12_15_10484832_237LGHLT3_L6_R1.fastq.gz	data/Lane3/B_042_HUD12_15_10484832_237LGHLT3_L6_R2.fastq.gz	567213	519937
HUD12_20	1	BCSB1	2337HWLT4	ILLUMINA	1	HUD12_20	CCATAGAA+GCTTACGG	data/Lane1/019_HUD12_20_10483618_2337HWLT4_L1_R1.fastq.gz	data/Lane1/019_HUD12_20_10483618_2337HWLT4_L1_R2.fastq.gz	581426	581299
HUD12_20	2	BCSB1	237LGHLT3	ILLUMINA	6	HUD12_20	CCATAGAA+GCTTACGG	data/Lane3/B_015_HUD12_20_10484832_237LGHLT3_L6_R1.fastq.gz	data/Lane3/B_015_HUD12_20_10484832_237LGHLT3_L6_R2.fastq.gz	470305	471365
HUD12_22	1	BCSB1	2337HWLT4	ILLUMINA	1	HUD12_22	ACTTGTTC+ACCGGCTC	data/Lane1/075_HUD12_22_10483618_2337HWLT4_L1_R1.fastq.gz	data/Lane1/075_HUD12_22_10483618_2337HWLT4_L1_R2.fastq.gz	765020	698072
HUD12_22	2	BCSB1	237LGHLT3	ILLUMINA	6	HUD12_22	ACTTGTTC+ACCGGCTC	data/Lane3/B_041_HUD12_22_10484832_237LGHLT3_L6_R1.fastq.gz	data/Lane3/B_041_HUD12_22_10484832_237LGHLT3_L6_R2.fastq.gz	523712	492782
HUD12_24	1	BCSB1	2337HWLT4	ILLUMINA	1	HUD12_24	ATTCCACC+GCGCGATG	data/Lane1/057_HUD12_24_10483618_2337HWLT4_L1_R1.fastq.gz	data/Lane1/057_HUD12_24_10483618_2337HWLT4_L1_R2.fastq.gz	989696	1004274
HUD12_24	2	BCSB1	237LGHLT3	ILLUMINA	6	HUD12_24	ATTCCACC+GCGCGATG	data/Lane3/B_HUD12_24_10484832_237LGHLT3_L6_R1.fastq.gz	data/Lane3/B_HUD12_24_10484832_237LGHLT3_L6_R2.fastq.gz	796527	798379
HUD12_25	1	BCSB1	2337HWLT4	ILLUMINA	1	HUD12_25	GCGCGAAC+AACCTAGC	data/Lane1/043_HUD12_25_10483618_2337HWLT4_L1_R1.fastq.gz	data/Lane1/043_HUD12_25_10483618_2337HWLT4_L1_R2.fastq.gz	373118	355123
HUD12_25	2	BCSB1	237LGHLT3	ILLUMINA	6	HUD12_25	GCGCGAAC+AACCTAGC	data/Lane3/B_025_HUD12_25_10484832_237LGHLT3_L6_R1.fastq.gz	data/Lane3/B_025_HUD12_25_10484832_237LGHLT3_L6_R2.fastq.gz	529109	512412
HUD12_26	1	BCSB1	2337HWLT4	ILLUMINA	1	HUD12_26	GTATGTTC+GTGTGGCG	data/Lane1/009_HUD12_26_10483618_2337HWLT4_L1_R1.fastq.gz	data/Lane1/009_HUD12_26_10483618_2337HWLT4_L1_R2.fastq.gz	187351	188490
HUD12_26	2	BCSB1	237LGHLT3	ILLUMINA	6	HUD12_26	GTATGTTC+GTGTGGCG	data/Lane3/B_007_HUD12_26_10484832_237LGHLT3_L6_R1.fastq.gz	data/Lane3/B_007_HUD12_26_10484832_237LGHLT3_L6_R2.fastq.gz	392612	390704
HUD12_28	1	BCSB1	2337HWLT4	ILLUMINA	1	HUD12_28	TATTGGCC+CCAGTTGG	data/Lane1/087_HUD12_28_10483618_2337HWLT4_L1_R1.fastq.gz	data/Lane1/087_HUD12_28_10483618_2337HWLT4_L1_R2.fastq.gz	630158	630147
HUD12_28	2	BCSB1	237LGHLT3	ILLUMINA	6	HUD12_28	TATTGGCC+CCAGTTGG	data/Lane3/B_049_HUD12_28_10484832_237LGHLT3_L6_R1.fastq.gz	data/Lane3/B_049_HUD12_28_10484832_237LGHLT3_L6_R2.fastq.gz	488866	489431
HUD12_30	1	BCSB1	2337HWLT4	ILLUMINA	1	HUD12_30	TGGTATCC+ACGGCCGT	data/Lane1/050_HUD12_30_10483618_2337HWLT4_L1_R1.fastq.gz	data/Lane1/050_HUD12_30_10483618_2337HWLT4_L1_R2.fastq.gz	248126	248359
HUD12_30	2	BCSB1	237LGHLT3	ILLUMINA	6	HUD12_30	TGGTATCC+ACGGCCGT	data/Lane3/B_030_HUD12_30_10484832_237LGHLT3_L6_R1.fastq.gz	data/Lane3/B_030_HUD12_30_10484832_237LGHLT3_L6_R2.fastq.gz	562515	557713
HUD12_32	1	BCSB1	2337HWLT4	ILLUMINA	1	HUD12_32	GGTTGACT+AATAGAGC	data/Lane1/016_HUD12_32_10483618_2337HWLT4_L1_R1.fastq.gz	data/Lane1/016_HUD12_32_10483618_2337HWLT4_L1_R2.fastq.gz	573777	556619
HUD12_32	2	BCSB1	237LGHLT3	ILLUMINA	6	HUD12_32	GGTTGACT+AATAGAGC	data/Lane3/B_013_HUD12_32_10484832_237LGHLT3_L6_R1.fastq.gz	data/Lane3/B_013_HUD12_32_10484832_237LGHLT3_L6_R2.fastq.gz	492673	483796
HUD12_33	1	BCSB1	2337HWLT4	ILLUMINA	1	HUD12_33	GTAACGTT+CATTCCAG	data/Lane1/081_HUD12_33_10483618_2337HWLT4_L1_R1.fastq.gz	data/Lane1/081_HUD12_33_10483618_2337HWLT4_L1_R2.fastq.gz	341440	342719
HUD12_33	2	BCSB1	237LGHLT3	ILLUMINA	6	HUD12_33	GTAACGTT+CATTCCAG	data/Lane3/B_043_HUD12_33_10484832_237LGHLT3_L6_R1.fastq.gz	data/Lane3/B_043_HUD12_33_10484832_237LGHLT3_L6_R2.fastq.gz	478220	477694
HUD12_34	1	BCSB1	2337HWLT4	ILLUMINA	1	HUD12_34	TCAAGGCA+GTTGATAG	data/Lane1/006_HUD12_34_10483618_2337HWLT4_L1_R1.fastq.gz	data/Lane1/006_HUD12_34_10483618_2337HWLT4_L1_R2.fastq.gz	338720	336221
HUD12_34	2	BCSB1	237LGHLT3	ILLUMINA	6	HUD12_34	TCAAGGCA+GTTGATAG	data/Lane3/B_004_HUD12_34_10484832_237LGHLT3_L6_R1.fastq.gz	data/Lane3/B_004_HUD12_34_10484832_237LGHLT3_L6_R2.fastq.gz	445143	444777
HUD12_38	1	BCSB2	2337HWLT4	ILLUMINA	1	HUD12_38	GGAACTGT+AACACGTG	data/Lane1/127_HUD12_38_10483618_2337HWLT4_L1_R1.fastq.gz	data/Lane1/127_HUD12_38_10483618_2337HWLT4_L1_R2.fastq.gz	799012	812148
HUD12_38	2	BCSB2	237LGHLT3	ILLUMINA	6	HUD12_38	GGAACTGT+AACACGTG	data/Lane3/B_067_HUD12_38_10484832_237LGHLT3_L6_R1.fastq.gz	data/Lane3/B_067_HUD12_38_10484832_237LGHLT3_L6_R2.fastq.gz	496946	502057
HUD12_39	1	BCSB2	2337HWLT4	ILLUMINA	1	HUD12_39	TGGCTTCT+TAGGAGCG	data/Lane1/173_HUD12_39_10483618_2337HWLT4_L1_R1.fastq.gz	data/Lane1/173_HUD12_39_10483618_2337HWLT4_L1_R2.fastq.gz	457097	461096
HUD12_39	2	BCSB2	237LGHLT3	ILLUMINA	6	HUD12_39	TGGCTTCT+TAGGAGCG	data/Lane3/B_080_HUD12_39_10484832_237LGHLT3_L6_R1.fastq.gz	data/Lane3/B_080_HUD12_39_10484832_237LGHLT3_L6_R2.fastq.gz	492746	495759
HUD12_41	1	BCSB4	2337HWLT4	ILLUMINA	2	HUD12_41	GTCAGATA+AGCGGTGG	data/Lane2/001_HUD12_41_10483619_2337HWLT4_L2_R1.fastq.gz	data/Lane2/001_HUD12_41_10483619_2337HWLT4_L2_R2.fastq.gz	215936	222458
HUD12_41	2	BCSB4	237LGHLT3	ILLUMINA	6	HUD12_41	GTCAGATA+AGCGGTGG	data/Lane3/B_127_HUD12_41_10484832_237LGHLT3_L6_R1.fastq.gz	data/Lane3/B_127_HUD12_41_10484832_237LGHLT3_L6_R2.fastq.gz	433722	441523
HUD12_42	1	BCSB4	2337HWLT4	ILLUMINA	2	HUD12_42	ATTATACG+TCTTACAT	data/Lane2/024_HUD12_42_10483619_2337HWLT4_L2_R1.fastq.gz	data/Lane2/024_HUD12_42_10483619_2337HWLT4_L2_R2.fastq.gz	308402	308135
HUD12_42	2	BCSB4	237LGHLT3	ILLUMINA	6	HUD12_42	ATTATACG+TCTTACAT	data/Lane3/B_135_HUD12_42_10484832_237LGHLT3_L6_R1.fastq.gz	data/Lane3/B_135_HUD12_42_10484832_237LGHLT3_L6_R2.fastq.gz	514318	517005
HUD12_43	1	BCSB5	2337HWLT4	ILLUMINA	2	HUD12_43	CGCCACAC+TAGACAAT	data/Lane2/116_HUD12_43_10483619_2337HWLT4_L2_R1.fastq.gz	data/Lane2/116_HUD12_43_10483619_2337HWLT4_L2_R2.fastq.gz	691550	690597
HUD12_43	2	BCSB5	237LGHLT3	ILLUMINA	6	HUD12_43	CGCCACAC+TAGACAAT	data/Lane3/B_163_HUD12_43_10484832_237LGHLT3_L6_R1.fastq.gz	data/Lane3/B_163_HUD12_43_10484832_237LGHLT3_L6_R2.fastq.gz	484284	485764
HUD12_44	1	BCSB5	2337HWLT4	ILLUMINA	2	HUD12_44	CTATCAAC+GCTCTCGT	data/Lane2/135_HUD12_44_10483619_2337HWLT4_L2_R1.fastq.gz	data/Lane2/135_HUD12_44_10483619_2337HWLT4_L2_R2.fastq.gz	719381	736260
HUD12_44	2	BCSB5	237LGHLT3	ILLUMINA	6	HUD12_44	CTATCAAC+GCTCTCGT	data/Lane3/B_174_HUD12_44_10484832_237LGHLT3_L6_R1.fastq.gz	data/Lane3/B_174_HUD12_44_10484832_237LGHLT3_L6_R2.fastq.gz	522458	527610
HUD12_46	1	BCSB5	2337HWLT4	ILLUMINA	2	HUD12_46	GGTCCAAC+TCATCCTC	data/Lane2/114_HUD12_46_10483619_2337HWLT4_L2_R1.fastq.gz	data/Lane2/114_HUD12_46_10483619_2337HWLT4_L2_R2.fastq.gz	92547	87386
HUD12_46	2	BCSB5	237LGHLT3	ILLUMINA	6	HUD12_46	GGTCCAAC+TCATCCTC	data/Lane3/B_162_HUD12_46_10484832_237LGHLT3_L6_R1.fastq.gz	data/Lane3/B_162_HUD12_46_10484832_237LGHLT3_L6_R2.fastq.gz	165946	160861
HUD14_E10	1	BCSB2	2337HWLT4	ILLUMINA	1	HUD14_E10	GATACACG+CCGTGGCC	data/Lane1/178_HUD14_E10_10483618_2337HWLT4_L1_R1.fastq.gz	data/Lane1/178_HUD14_E10_10483618_2337HWLT4_L1_R2.fastq.gz	527080	526661
HUD14_E10	2	BCSB2	237LGHLT3	ILLUMINA	6	HUD14_E10	GATACACG+CCGTGGCC	data/Lane3/B_082_HUD14_E10_10484832_237LGHLT3_L6_R1.fastq.gz	data/Lane3/B_082_HUD14_E10_10484832_237LGHLT3_L6_R2.fastq.gz	436574	438097
HUD14_E14	1	BCSB3	2337HWLT4	ILLUMINA	1	HUD14_E14	TAGGCATG+AGAGTAGA	data/Lane1/275_HUD14_E14_10483618_2337HWLT4_L1_R1.fastq.gz	data/Lane1/275_HUD14_E14_10483618_2337HWLT4_L1_R2.fastq.gz	201452	202893
HUD14_E14	2	BCSB3	237LGHLT3	ILLUMINA	6	HUD14_E14	TAGGCATG+AGAGTAGA	data/Lane3/B_117_HUD14_E14_10484832_237LGHLT3_L6_R1.fastq.gz	data/Lane3/B_117_HUD14_E14_10484832_237LGHLT3_L6_R2.fastq.gz	369785	372367
HUD14_E19	1	BCSB2	2337HWLT4	ILLUMINA	1	HUD14_E19	CAATGAAT+GGATATAT	data/Lane1/179_HUD14_E19_10483618_2337HWLT4_L1_R1.fastq.gz	data/Lane1/179_HUD14_E19_10483618_2337HWLT4_L1_R2.fastq.gz	319725	321503
HUD14_E19	2	BCSB2	237LGHLT3	ILLUMINA	6	HUD14_E19	CAATGAAT+GGATATAT	data/Lane3/B_083_HUD14_E19_10484832_237LGHLT3_L6_R1.fastq.gz	data/Lane3/B_083_HUD14_E19_10484832_237LGHLT3_L6_R2.fastq.gz	486932	487159
HUD14_E2	1	BCSB4	2337HWLT4	ILLUMINA	2	HUD14_E2	TATTGGCC+TCTTGGCT	data/Lane2/087_HUD14_E2_10483619_2337HWLT4_L2_R1.fastq.gz	data/Lane2/087_HUD14_E2_10483619_2337HWLT4_L2_R2.fastq.gz	704535	703757
HUD14_E2	2	BCSB4	237LGHLT3	ILLUMINA	6	HUD14_E2	TATTGGCC+TCTTGGCT	data/Lane3/B_155_HUD14_E2_10484832_237LGHLT3_L6_R1.fastq.gz	data/Lane3/B_155_HUD14_E2_10484832_237LGHLT3_L6_R2.fastq.gz	478952	480636
HUD14_E24	1	BCSB3	2337HWLT4	ILLUMINA	1	HUD14_E24	CAGAGAGG+GTAAGGAG	data/Lane1/276_HUD14_E24_10483618_2337HWLT4_L1_R1.fastq.gz	data/Lane1/276_HUD14_E24_10483618_2337HWLT4_L1_R2.fastq.gz	157614	157509
HUD14_E24	2	BCSB3	237LGHLT3	ILLUMINA	6	HUD14_E24	CAGAGAGG+GTAAGGAG	data/Lane3/B_118_HUD14_E24_10484832_237LGHLT3_L6_R1.fastq.gz	data/Lane3/B_118_HUD14_E24_10484832_237LGHLT3_L6_R2.fastq.gz	301223	302321
HUD14_E26	1	BCSB3	2337HWLT4	ILLUMINA	1	HUD14_E26	ATCTCAGG+TTCTAGCT	data/Lane1/282_HUD14_E26_10483618_2337HWLT4_L1_R1.fastq.gz	data/Lane1/282_HUD14_E26_10483618_2337HWLT4_L1_R2.fastq.gz	277793	275910
HUD14_E26	2	BCSB3	237LGHLT3	ILLUMINA	6	HUD14_E26	ATCTCAGG+TTCTAGCT	data/Lane3/B_123_HUD14_E26_10484832_237LGHLT3_L6_R1.fastq.gz	data/Lane3/B_123_HUD14_E26_10484832_237LGHLT3_L6_R2.fastq.gz	487459	487014
HUD14_E27	1	BCSB3	2337HWLT4	ILLUMINA	1	HUD14_E27	GCTACGCT+ACTGCATA	data/Lane1/277_HUD14_E27_10483618_2337HWLT4_L1_R1.fastq.gz	data/Lane1/277_HUD14_E27_10483618_2337HWLT4_L1_R2.fastq.gz	42060	41653
HUD14_E27	2	BCSB3	237LGHLT3	ILLUMINA	6	HUD14_E27	GCTACGCT+ACTGCATA	data/Lane3/B_119_HUD14_E27_10484832_237LGHLT3_L6_R1.fastq.gz	data/Lane3/B_119_HUD14_E27_10484832_237LGHLT3_L6_R2.fastq.gz	83473	83036
HUD14_E32	1	BCSB3	2337HWLT4	ILLUMINA	1	HUD14_E32	CGAGGCTG+AAGGAGTA	data/Lane1/278_HUD14_E32_10483618_2337HWLT4_L1_R1.fastq.gz	data/Lane1/278_HUD14_E32_10483618_2337HWLT4_L1_R2.fastq.gz	58300	58242
HUD14_E32	2	BCSB3	237LGHLT3	ILLUMINA	6	HUD14_E32	CGAGGCTG+AAGGAGTA	data/Lane3/B_120_HUD14_E32_10484832_237LGHLT3_L6_R1.fastq.gz	data/Lane3/B_120_HUD14_E32_10484832_237LGHLT3_L6_R2.fastq.gz	98671	99383
HUD14_E35	1	BCSB3	2337HWLT4	ILLUMINA	1	HUD14_E35	AAGAGGCA+CGTCTAAT	data/Lane1/279_HUD14_E35_10483618_2337HWLT4_L1_R1.fastq.gz	data/Lane1/279_HUD14_E35_10483618_2337HWLT4_L1_R2.fastq.gz	458283	456609
HUD14_E35	2	BCSB3	237LGHLT3	ILLUMINA	6	HUD14_E35	AAGAGGCA+CGTCTAAT	data/Lane3/B_121_HUD14_E35_10484832_237LGHLT3_L6_R1.fastq.gz	data/Lane3/B_121_HUD14_E35_10484832_237LGHLT3_L6_R2.fastq.gz	425765	428700
HUD14_E36	1	BCSB3	2337HWLT4	ILLUMINA	1	HUD14_E36	GCTCATGA+TCGACTAG	data/Lane1/281_HUD14_E36_10483618_2337HWLT4_L1_R1.fastq.gz	data/Lane1/281_HUD14_E36_10483618_2337HWLT4_L1_R2.fastq.gz	472094	472361
HUD14_E36	2	BCSB3	237LGHLT3	ILLUMINA	6	HUD14_E36	GCTCATGA+TCGACTAG	data/Lane3/B_122_HUD14_E36_10484832_237LGHLT3_L6_R1.fastq.gz	data/Lane3/B_122_HUD14_E36_10484832_237LGHLT3_L6_R2.fastq.gz	490633	489992
HUD14_E37	1	BCSB3	2337HWLT4	ILLUMINA	1	HUD14_E37	ACTCGCTA+CCTAGAGT	data/Lane1/283_HUD14_E37_10483618_2337HWLT4_L1_R1.fastq.gz	data/Lane1/283_HUD14_E37_10483618_2337HWLT4_L1_R2.fastq.gz	537077	537705
HUD14_E37	2	BCSB3	237LGHLT3	ILLUMINA	6	HUD14_E37	ACTCGCTA+CCTAGAGT	data/Lane3/B_124_HUD14_E37_10484832_237LGHLT3_L6_R1.fastq.gz	data/Lane3/B_124_HUD14_E37_10484832_237LGHLT3_L6_R2.fastq.gz	477562	477816
HUD14_E39	1	BCSB3	2337HWLT4	ILLUMINA	1	HUD14_E39	GGAGCTAC+GCGTAAGA	data/Lane1/284_HUD14_E39_10483618_2337HWLT4_L1_R1.fastq.gz	data/Lane1/284_HUD14_E39_10483618_2337HWLT4_L1_R2.fastq.gz	357285	358459
HUD14_E39	2	BCSB3	237LGHLT3	ILLUMINA	6	HUD14_E39	GGAGCTAC+GCGTAAGA	data/Lane3/B_125_HUD14_E39_10484832_237LGHLT3_L6_R1.fastq.gz	data/Lane3/B_125_HUD14_E39_10484832_237LGHLT3_L6_R2.fastq.gz	459473	462144
HUD14_E6	1	BCSB2	2337HWLT4	ILLUMINA	1	HUD14_E6	CTCGTGCA+AACTAACG	data/Lane1/187_HUD14_E6_10483618_2337HWLT4_L1_R1.fastq.gz	data/Lane1/187_HUD14_E6_10483618_2337HWLT4_L1_R2.fastq.gz	213275	212623
HUD14_E6	2	BCSB2	237LGHLT3	ILLUMINA	6	HUD14_E6	CTCGTGCA+AACTAACG	data/Lane3/B_088_HUD14_E6_10484832_237LGHLT3_L6_R1.fastq.gz	data/Lane3/B_088_HUD14_E6_10484832_237LGHLT3_L6_R2.fastq.gz	397633	399286
HUD14_E8	1	BCSB2	2337HWLT4	ILLUMINA	1	HUD14_E8	GTGCATTC+TAGGAAGA	data/Lane1/177_HUD14_E8_10483618_2337HWLT4_L1_R1.fastq.gz	data/Lane1/177_HUD14_E8_10483618_2337HWLT4_L1_R2.fastq.gz	268458	267784
HUD14_E8	2	BCSB2	237LGHLT3	ILLUMINA	6	HUD14_E8	GTGCATTC+TAGGAAGA	data/Lane3/B_081_HUD14_E8_10484832_237LGHLT3_L6_R1.fastq.gz	data/Lane3/B_081_HUD14_E8_10484832_237LGHLT3_L6_R2.fastq.gz	469970	472559
JR14_11	1	BCSB4	2337HWLT4	ILLUMINA	2	JR14_11	ACGCAATA+GTAGAGTC	data/Lane2/066_JR14_11_10483619_2337HWLT4_L2_R1.fastq.gz	data/Lane2/066_JR14_11_10483619_2337HWLT4_L2_R2.fastq.gz	965017	778040
JR14_11	2	BCSB4	237LGHLT3	ILLUMINA	6	JR14_11	ACGCAATA+GTAGAGTC	data/Lane3/B_149_JR14_11_10484832_237LGHLT3_L6_R1.fastq.gz	data/Lane3/B_149_JR14_11_10484832_237LGHLT3_L6_R2.fastq.gz	818302	670020
JR14_12	1	BCSB4	2337HWLT4	ILLUMINA	2	JR14_12	TCAGACGA+CCTGCTTG	data/Lane2/008_JR14_12_10483619_2337HWLT4_L2_R1.fastq.gz	data/Lane2/008_JR14_12_10483619_2337HWLT4_L2_R2.fastq.gz	156126	155917
JR14_12	2	BCSB4	237LGHLT3	ILLUMINA	6	JR14_12	TCAGACGA+CCTGCTTG	data/Lane3/B_129_JR14_12_10484832_237LGHLT3_L6_R1.fastq.gz	data/Lane3/B_129_JR14_12_10484832_237LGHLT3_L6_R2.fastq.gz	400415	396086
JR14_22	1	BCSB5	2337HWLT4	ILLUMINA	2	JR14_22	ACCGATTA+GAAGAGGG	data/Lane2/174_JR14_22_10483619_2337HWLT4_L2_R1.fastq.gz	data/Lane2/174_JR14_22_10483619_2337HWLT4_L2_R2.fastq.gz	743026	750826
JR14_22	2	BCSB5	237LGHLT3	ILLUMINA	6	JR14_22	ACCGATTA+GAAGAGGG	data/Lane3/B_189_JR14_22_10484832_237LGHLT3_L6_R1.fastq.gz	data/Lane3/B_189_JR14_22_10484832_237LGHLT3_L6_R2.fastq.gz	544608	549776
JR14_29	1	BCSB5	2337HWLT4	ILLUMINA	2	JR14_29	CACGACTG+TCTCACGC	data/Lane2/122_JR14_29_10483619_2337HWLT4_L2_R1.fastq.gz	data/Lane2/122_JR14_29_10483619_2337HWLT4_L2_R2.fastq.gz	475848	451587
JR14_29	2	BCSB5	237LGHLT3	ILLUMINA	6	JR14_29	CACGACTG+TCTCACGC	data/Lane3/B_167_JR14_29_10484832_237LGHLT3_L6_R1.fastq.gz	data/Lane3/B_167_JR14_29_10484832_237LGHLT3_L6_R2.fastq.gz	506534	490843
JR14_41	1	BCSB5	2337HWLT4	ILLUMINA	2	JR14_41	GGTTAGAC+TCGAATGG	data/Lane2/123_JR14_41_10483619_2337HWLT4_L2_R1.fastq.gz	data/Lane2/123_JR14_41_10483619_2337HWLT4_L2_R2.fastq.gz	351124	348962
JR14_41	2	BCSB5	237LGHLT3	ILLUMINA	6	JR14_41	GGTTAGAC+TCGAATGG	data/Lane3/B_168_JR14_41_10484832_237LGHLT3_L6_R1.fastq.gz	data/Lane3/B_168_JR14_41_10484832_237LGHLT3_L6_R2.fastq.gz	647056	641846
KEN24	1	BCSB6	2337HWLT4	ILLUMINA	2	KEN24	GGTCTTAG+ATAGACCG	data/Lane2/230_KEN24_10483619_2337HWLT4_L2_R1.fastq.gz	data/Lane2/230_KEN24_10483619_2337HWLT4_L2_R2.fastq.gz	58033	55034
KEN24	2	BCSB6	237LGHLT3	ILLUMINA	6	KEN24	GGTCTTAG+ATAGACCG	data/Lane3/B_215_KEN24_10484832_237LGHLT3_L6_R1.fastq.gz	data/Lane3/B_215_KEN24_10484832_237LGHLT3_L6_R2.fastq.gz	162539	155474
KEN46a	1	BCSB3	2337HWLT4	ILLUMINA	1	KEN46a	CGGAGCCT+AAGGCTAT	data/Lane1/286_KEN46a_10483618_2337HWLT4_L1_R1.fastq.gz	data/Lane1/286_KEN46a_10483618_2337HWLT4_L1_R2.fastq.gz	450436	448867
KEN46a	2	BCSB3	237LGHLT3	ILLUMINA	6	KEN46a	CGGAGCCT+AAGGCTAT	data/Lane3/B_126_KEN46_10484832_237LGHLT3_L6_R1.fastq.gz	data/Lane3/B_126_KEN46_10484832_237LGHLT3_L6_R2.fastq.gz	466316	466385
KEN46b	1	BCSB6	2337HWLT4	ILLUMINA	2	KEN46b	TGAGCTAG+AGGCATGT	data/Lane2/232_KEN46b_10483619_2337HWLT4_L2_R1.fastq.gz	data/Lane2/232_KEN46b_10483619_2337HWLT4_L2_R2.fastq.gz	72029	71518
KEN46b	2	BCSB6	237LGHLT3	ILLUMINA	6	KEN46b	TGAGCTAG+AGGCATGT	data/Lane3/B_216_KEN46b_10484832_237LGHLT3_L6_R1.fastq.gz	data/Lane3/B_216_KEN46b_10484832_237LGHLT3_L6_R2.fastq.gz	157345	156596
KEN57	1	BCSB2	2337HWLT4	ILLUMINA	1	KEN57	AATAGCAC+AGAGCACT	data/Lane1/188_KEN57_10483618_2337HWLT4_L1_R1.fastq.gz	data/Lane1/188_KEN57_10483618_2337HWLT4_L1_R2.fastq.gz	49372	49291
KEN57	2	BCSB2	237LGHLT3	ILLUMINA	6	KEN57	AATAGCAC+AGAGCACT	data/Lane3/B_089_KEN57_10484832_237LGHLT3_L6_R1.fastq.gz	data/Lane3/B_089_KEN57_10484832_237LGHLT3_L6_R2.fastq.gz	88909	89033
M406	1	BCSB4	2337HWLT4	ILLUMINA	2	M406	CTCAATTC+CAGGTGTT	data/Lane2/060_M406_10483619_2337HWLT4_L2_R1.fastq.gz	data/Lane2/060_M406_10483619_2337HWLT4_L2_R2.fastq.gz	54731	54685
M406	2	BCSB4	237LGHLT3	ILLUMINA	6	M406	CTCAATTC+CAGGTGTT	data/Lane3/B_148_M406_10484832_237LGHLT3_L6_R1.fastq.gz	data/Lane3/B_148_M406_10484832_237LGHLT3_L6_R2.fastq.gz	163438	162331
M410	1	BCSB3	2337HWLT4	ILLUMINA	1	M410	CCGTAAGA+TCCGATAG	data/Lane1/245_M410_10483618_2337HWLT4_L1_R1.fastq.gz	data/Lane1/245_M410_10483618_2337HWLT4_L1_R2.fastq.gz	532392	531521
M410	2	BCSB3	237LGHLT3	ILLUMINA	6	M410	CCGTAAGA+TCCGATAG	data/Lane3/B_107_M410_10484832_237LGHLT3_L6_R1.fastq.gz	data/Lane3/B_107_M410_10484832_237LGHLT3_L6_R2.fastq.gz	511091	513170
M412	1	BCSB3	2337HWLT4	ILLUMINA	1	M412	AGACTCAA+TTGGTCAC	data/Lane1/265_M412_10483618_2337HWLT4_L1_R1.fastq.gz	data/Lane1/265_M412_10483618_2337HWLT4_L1_R2.fastq.gz	764369	739085
M412	2	BCSB3	237LGHLT3	ILLUMINA	6	M412	AGACTCAA+TTGGTCAC	data/Lane3/B_112_M412_10484832_237LGHLT3_L6_R1.fastq.gz	data/Lane3/B_112_M412_10484832_237LGHLT3_L6_R2.fastq.gz	472422	465207
M417	1	BCSB3	2337HWLT4	ILLUMINA	1	M417	GAAATGTC+GAAGAGGG	data/Lane1/270_M417_10483618_2337HWLT4_L1_R1.fastq.gz	data/Lane1/270_M417_10483618_2337HWLT4_L1_R2.fastq.gz	416352	417107
M417	2	BCSB3	237LGHLT3	ILLUMINA	6	M417	GAAATGTC+GAAGAGGG	data/Lane3/B_114_M417_10484832_237LGHLT3_L6_R1.fastq.gz	data/Lane3/B_114_M417_10484832_237LGHLT3_L6_R2.fastq.gz	439212	443278
M424	1	BCSB2	2337HWLT4	ILLUMINA	1	M424	ACGGCCGT+GCCGTCTG	data/Lane1/142_M424_10483618_2337HWLT4_L1_R1.fastq.gz	data/Lane1/142_M424_10483618_2337HWLT4_L1_R2.fastq.gz	199150	200394
M424	2	BCSB2	237LGHLT3	ILLUMINA	6	M424	ACGGCCGT+GCCGTCTG	data/Lane3/B_070_M424_10484832_237LGHLT3_L6_R1.fastq.gz	data/Lane3/B_070_M424_10484832_237LGHLT3_L6_R2.fastq.gz	339055	337528
M426	1	BCSB2	2337HWLT4	ILLUMINA	1	M426	CTAAGCGG+CACGGATT	data/Lane1/167_M426_10483618_2337HWLT4_L1_R1.fastq.gz	data/Lane1/167_M426_10483618_2337HWLT4_L1_R2.fastq.gz	450727	447914
M426	2	BCSB2	237LGHLT3	ILLUMINA	6	M426	CTAAGCGG+CACGGATT	data/Lane3/B_077_M426_10484832_237LGHLT3_L6_R1.fastq.gz	data/Lane3/B_077_M426_10484832_237LGHLT3_L6_R2.fastq.gz	439719	436743
M437	1	BCSB2	2337HWLT4	ILLUMINA	1	M437	GCATCTTG+CGAGGCGG	data/Lane1/155_M437_10483618_2337HWLT4_L1_R1.fastq.gz	data/Lane1/155_M437_10483618_2337HWLT4_L1_R2.fastq.gz	146849	146152
M437	2	BCSB2	237LGHLT3	ILLUMINA	6	M437	GCATCTTG+CGAGGCGG	data/Lane3/B_075_M437_10484832_237LGHLT3_L6_R1.fastq.gz	data/Lane3/B_075_M437_10484832_237LGHLT3_L6_R2.fastq.gz	303021	300106
M438	1	BCSB2	2337HWLT4	ILLUMINA	1	M438	AACGGTGT+TATAGATT	data/Lane1/098_M438_10483618_2337HWLT4_L1_R1.fastq.gz	data/Lane1/098_M438_10483618_2337HWLT4_L1_R2.fastq.gz	357122	357564
M438	2	BCSB2	237LGHLT3	ILLUMINA	6	M438	AACGGTGT+TATAGATT	data/Lane3/B_054_M438_10484832_237LGHLT3_L6_R1.fastq.gz	data/Lane3/B_054_M438_10484832_237LGHLT3_L6_R2.fastq.gz	469750	470234
MIR11	1	BCSB6	2337HWLT4	ILLUMINA	2	MIR11	GAATCCAA+ACATTATC	data/Lane2/196_MIR11_10483619_2337HWLT4_L2_R1.fastq.gz	data/Lane2/196_MIR11_10483619_2337HWLT4_L2_R2.fastq.gz	628671	569371
MIR11	2	BCSB6	237LGHLT3	ILLUMINA	6	MIR11	GAATCCAA+ACATTATC	data/Lane3/B_194_MIR11_10484832_237LGHLT3_L6_R1.fastq.gz	data/Lane3/B_194_MIR11_10484832_237LGHLT3_L6_R2.fastq.gz	784524	739990
MIR12	1	BCSB6	2337HWLT4	ILLUMINA	2	MIR12	CGGCTAGT+GTCCACTT	data/Lane2/197_MIR12_10483619_2337HWLT4_L2_R1.fastq.gz	data/Lane2/197_MIR12_10483619_2337HWLT4_L2_R2.fastq.gz	599097	605548
MIR12	2	BCSB6	237LGHLT3	ILLUMINA	6	MIR12	CGGCTAGT+GTCCACTT	data/Lane3/B_195_MIR12_10484832_237LGHLT3_L6_R1.fastq.gz	data/Lane3/B_195_MIR12_10484832_237LGHLT3_L6_R2.fastq.gz	685757	688074
MIR13	1	BCSB6	2337HWLT4	ILLUMINA	2	MIR13	GCTTGCCG+GTTGATAG	data/Lane2/198_MIR13_10483619_2337HWLT4_L2_R1.fastq.gz	data/Lane2/198_MIR13_10483619_2337HWLT4_L2_R2.fastq.gz	426233	402890
MIR13	2	BCSB6	237LGHLT3	ILLUMINA	6	MIR13	GCTTGCCG+GTTGATAG	data/Lane3/B_196_MIR13_10484832_237LGHLT3_L6_R1.fastq.gz	data/Lane3/B_196_MIR13_10484832_237LGHLT3_L6_R2.fastq.gz	683835	662189
MIR15	1	BCSB6	2337HWLT4	ILLUMINA	2	MIR15	TGACTGGT+CATACACT	data/Lane2/200_MIR15_10483619_2337HWLT4_L2_R1.fastq.gz	data/Lane2/200_MIR15_10483619_2337HWLT4_L2_R2.fastq.gz	624614	623614
MIR15	2	BCSB6	237LGHLT3	ILLUMINA	6	MIR15	TGACTGGT+CATACACT	data/Lane3/B_197_MIR15_10484832_237LGHLT3_L6_R1.fastq.gz	data/Lane3/B_197_MIR15_10484832_237LGHLT3_L6_R2.fastq.gz	595521	595052
MIR17	1	BCSB6	2337HWLT4	ILLUMINA	2	MIR17	TAAGGTGG+ATCACGAA	data/Lane2/202_MIR17_10483619_2337HWLT4_L2_R1.fastq.gz	data/Lane2/202_MIR17_10483619_2337HWLT4_L2_R2.fastq.gz	527568	528324
MIR17	2	BCSB6	237LGHLT3	ILLUMINA	6	MIR17	TAAGGTGG+ATCACGAA	data/Lane3/B_198_MIR17_10484832_237LGHLT3_L6_R1.fastq.gz	data/Lane3/B_198_MIR17_10484832_237LGHLT3_L6_R2.fastq.gz	624365	626155
MIR18	1	BCSB6	2337HWLT4	ILLUMINA	2	MIR18	ACTGCAAC+CGGCTCTA	data/Lane2/203_MIR18_10483619_2337HWLT4_L2_R1.fastq.gz	data/Lane2/203_MIR18_10483619_2337HWLT4_L2_R2.fastq.gz	198116	198953
MIR18	2	BCSB6	237LGHLT3	ILLUMINA	6	MIR18	ACTGCAAC+CGGCTCTA	data/Lane3/B_199_MIR18_10484832_237LGHLT3_L6_R1.fastq.gz	data/Lane3/B_199_MIR18_10484832_237LGHLT3_L6_R2.fastq.gz	503232	502221
MIR19	1	BCSB6	2337HWLT4	ILLUMINA	2	MIR19	AACGCACC+TCGGCAGC	data/Lane2/204_MIR19_10483619_2337HWLT4_L2_R1.fastq.gz	data/Lane2/204_MIR19_10483619_2337HWLT4_L2_R2.fastq.gz	386382	378814
MIR19	2	BCSB6	237LGHLT3	ILLUMINA	6	MIR19	AACGCACC+TCGGCAGC	data/Lane3/B_200_MIR19_10484832_237LGHLT3_L6_R1.fastq.gz	data/Lane3/B_200_MIR19_10484832_237LGHLT3_L6_R2.fastq.gz	627648	620171
MIR20	1	BCSB6	2337HWLT4	ILLUMINA	2	MIR20	TTACGCCG+GGCCTGTC	data/Lane2/205_MIR20_10483619_2337HWLT4_L2_R1.fastq.gz	data/Lane2/205_MIR20_10483619_2337HWLT4_L2_R2.fastq.gz	377489	317899
MIR20	2	BCSB6	237LGHLT3	ILLUMINA	6	MIR20	TTACGCCG+GGCCTGTC	data/Lane3/B_201_MIR20_10484832_237LGHLT3_L6_R1.fastq.gz	data/Lane3/B_201_MIR20_10484832_237LGHLT3_L6_R2.fastq.gz	1511909	1220849
MIR21	1	BCSB6	2337HWLT4	ILLUMINA	2	MIR21	CTGATGTC+CTGTGTTA	data/Lane2/206_MIR21_10483619_2337HWLT4_L2_R1.fastq.gz	data/Lane2/206_MIR21_10483619_2337HWLT4_L2_R2.fastq.gz	50581	50546
MIR21	2	BCSB6	237LGHLT3	ILLUMINA	6	MIR21	CTGATGTC+CTGTGTTA	data/Lane3/B_202_MIR21_10484832_237LGHLT3_L6_R1.fastq.gz	data/Lane3/B_202_MIR21_10484832_237LGHLT3_L6_R2.fastq.gz	145132	144435
MIR22	1	BCSB6	2337HWLT4	ILLUMINA	2	MIR22	AGGAGGAA+TAAGGAAC	data/Lane2/207_MIR22_10483619_2337HWLT4_L2_R1.fastq.gz	data/Lane2/207_MIR22_10483619_2337HWLT4_L2_R2.fastq.gz	607409	597469
MIR22	2	BCSB6	237LGHLT3	ILLUMINA	6	MIR22	AGGAGGAA+TAAGGAAC	data/Lane3/B_203_MIR22_10484832_237LGHLT3_L6_R1.fastq.gz	data/Lane3/B_203_MIR22_10484832_237LGHLT3_L6_R2.fastq.gz	567401	565072
MIR24	1	BCSB6	2337HWLT4	ILLUMINA	2	MIR24	TGGACGCA+TCCGACCT	data/Lane2/209_MIR24_10483619_2337HWLT4_L2_R1.fastq.gz	data/Lane2/209_MIR24_10483619_2337HWLT4_L2_R2.fastq.gz	124297	124250
MIR24	2	BCSB6	237LGHLT3	ILLUMINA	6	MIR24	TGGACGCA+TCCGACCT	data/Lane3/B_204_MIR24_10484832_237LGHLT3_L6_R1.fastq.gz	data/Lane3/B_204_MIR24_10484832_237LGHLT3_L6_R2.fastq.gz	351248	349272
MIR25	1	BCSB6	2337HWLT4	ILLUMINA	2	MIR25	ACGCACCT+CTTATGGA	data/Lane2/210_MIR25_10483619_2337HWLT4_L2_R1.fastq.gz	data/Lane2/210_MIR25_10483619_2337HWLT4_L2_R2.fastq.gz	49907	50279
MIR25	2	BCSB6	237LGHLT3	ILLUMINA	6	MIR25	ACGCACCT+CTTATGGA	data/Lane3/B_205_MIR25_10484832_237LGHLT3_L6_R1.fastq.gz	data/Lane3/B_205_MIR25_10484832_237LGHLT3_L6_R2.fastq.gz	120271	120331
MIR26	1	BCSB6	2337HWLT4	ILLUMINA	2	MIR26	CTGGCCAA+GCTTACGG	data/Lane2/211_MIR26_10483619_2337HWLT4_L2_R1.fastq.gz	data/Lane2/211_MIR26_10483619_2337HWLT4_L2_R2.fastq.gz	178923	177388
MIR26	2	BCSB6	237LGHLT3	ILLUMINA	6	MIR26	CTGGCCAA+GCTTACGG	data/Lane3/B_206_MIR26_10484832_237LGHLT3_L6_R1.fastq.gz	data/Lane3/B_206_MIR26_10484832_237LGHLT3_L6_R2.fastq.gz	401143	400599
MIR27	1	BCSB6	2337HWLT4	ILLUMINA	2	MIR27	TCTGGCCT+GAACATAC	data/Lane2/212_MIR27_10483619_2337HWLT4_L2_R1.fastq.gz	data/Lane2/212_MIR27_10483619_2337HWLT4_L2_R2.fastq.gz	210519	204114
MIR27	2	BCSB6	237LGHLT3	ILLUMINA	6	MIR27	TCTGGCCT+GAACATAC	data/Lane3/B_207_MIR27_10484832_237LGHLT3_L6_R1.fastq.gz	data/Lane3/B_207_MIR27_10484832_237LGHLT3_L6_R2.fastq.gz	563856	547120
MIR28	1	BCSB6	2337HWLT4	ILLUMINA	2	MIR28	TTAATGCT+GTCGATTA	data/Lane2/213_MIR28_10483619_2337HWLT4_L2_R1.fastq.gz	data/Lane2/213_MIR28_10483619_2337HWLT4_L2_R2.fastq.gz	451575	454888
MIR28	2	BCSB6	237LGHLT3	ILLUMINA	6	MIR28	TTAATGCT+GTCGATTA	data/Lane3/B_208_MIR28_10484832_237LGHLT3_L6_R1.fastq.gz	data/Lane3/B_208_MIR28_10484832_237LGHLT3_L6_R2.fastq.gz	743972	741208
MIR29	1	BCSB6	2337HWLT4	ILLUMINA	2	MIR29	TGAGTAAT+ACTAGCCG	data/Lane2/214_MIR29_10483619_2337HWLT4_L2_R1.fastq.gz	data/Lane2/214_MIR29_10483619_2337HWLT4_L2_R2.fastq.gz	236513	238350
MIR29	2	BCSB6	237LGHLT3	ILLUMINA	6	MIR29	TGAGTAAT+ACTAGCCG	data/Lane3/B_209_MIR29_10484832_237LGHLT3_L6_R1.fastq.gz	data/Lane3/B_209_MIR29_10484832_237LGHLT3_L6_R2.fastq.gz	531715	533627
MIR33	1	BCSB6	2337HWLT4	ILLUMINA	2	MIR33	TGCGAGTG+CGCACTAA	data/Lane2/218_MIR33_10483619_2337HWLT4_L2_R1.fastq.gz	data/Lane2/218_MIR33_10483619_2337HWLT4_L2_R2.fastq.gz	390114	381139
MIR33	2	BCSB6	237LGHLT3	ILLUMINA	6	MIR33	TGCGAGTG+CGCACTAA	data/Lane3/B_210_MIR33_10484832_237LGHLT3_L6_R1.fastq.gz	data/Lane3/B_210_MIR33_10484832_237LGHLT3_L6_R2.fastq.gz	570513	564275
MIR34	1	BCSB6	2337HWLT4	ILLUMINA	2	MIR34	GAGCCGGT+AGTGGTCA	data/Lane2/219_MIR34_10483619_2337HWLT4_L2_R1.fastq.gz	data/Lane2/219_MIR34_10483619_2337HWLT4_L2_R2.fastq.gz	185502	183352
MIR34	2	BCSB6	237LGHLT3	ILLUMINA	6	MIR34	GAGCCGGT+AGTGGTCA	data/Lane3/B_211_MIR34_10484832_237LGHLT3_L6_R1.fastq.gz	data/Lane3/B_211_MIR34_10484832_237LGHLT3_L6_R2.fastq.gz	486172	483030
MIR35	1	BCSB6	2337HWLT4	ILLUMINA	2	MIR35	CGGTCTAT+TTCTATGG	data/Lane2/220_MIR35_10483619_2337HWLT4_L2_R1.fastq.gz	data/Lane2/220_MIR35_10483619_2337HWLT4_L2_R2.fastq.gz	106139	106313
MIR35	2	BCSB6	237LGHLT3	ILLUMINA	6	MIR35	CGGTCTAT+TTCTATGG	data/Lane3/B_212_MIR35_10484832_237LGHLT3_L6_R1.fastq.gz	data/Lane3/B_212_MIR35_10484832_237LGHLT3_L6_R2.fastq.gz	352469	350845
MIR37	1	BCSB6	2337HWLT4	ILLUMINA	2	MIR37	TATTCAGT+CCATAAGG	data/Lane2/222_MIR37_10483619_2337HWLT4_L2_R1.fastq.gz	data/Lane2/222_MIR37_10483619_2337HWLT4_L2_R2.fastq.gz	240128	242942
MIR37	2	BCSB6	237LGHLT3	ILLUMINA	6	MIR37	TATTCAGT+CCATAAGG	data/Lane3/B_213_MIR37_10484832_237LGHLT3_L6_R1.fastq.gz	data/Lane3/B_213_MIR37_10484832_237LGHLT3_L6_R2.fastq.gz	767339	767847
MIR38	1	BCSB6	2337HWLT4	ILLUMINA	2	MIR38	ATTATGGA+CTGGTACA	data/Lane2/223_MIR38_10483619_2337HWLT4_L2_R1.fastq.gz	data/Lane2/223_MIR38_10483619_2337HWLT4_L2_R2.fastq.gz	699874	699723
MIR38	2	BCSB6	237LGHLT3	ILLUMINA	6	MIR38	ATTATGGA+CTGGTACA	data/Lane3/B_214_MIR38_10484832_237LGHLT3_L6_R1.fastq.gz	data/Lane3/B_214_MIR38_10484832_237LGHLT3_L6_R2.fastq.gz	593761	595005
MIR8	1	BCSB6	2337HWLT4	ILLUMINA	2	MIR8	GTTCTAGT+CTACAAGA	data/Lane2/193_MIR8_10483619_2337HWLT4_L2_R1.fastq.gz	data/Lane2/193_MIR8_10483619_2337HWLT4_L2_R2.fastq.gz	322363	325490
MIR8	2	BCSB6	237LGHLT3	ILLUMINA	6	MIR8	GTTCTAGT+CTACAAGA	data/Lane3/B_192_MIR8_10484832_237LGHLT3_L6_R1.fastq.gz	data/Lane3/B_192_MIR8_10484832_237LGHLT3_L6_R2.fastq.gz	635194	640234
MIR9	1	BCSB6	2337HWLT4	ILLUMINA	2	MIR9	AAGAGGTG+TATAGTAG	data/Lane2/194_MIR9_10483619_2337HWLT4_L2_R1.fastq.gz	data/Lane2/194_MIR9_10483619_2337HWLT4_L2_R2.fastq.gz	702908	701036
MIR9	2	BCSB6	237LGHLT3	ILLUMINA	6	MIR9	AAGAGGTG+TATAGTAG	data/Lane3/B_193_MIR9_10484832_237LGHLT3_L6_R1.fastq.gz	data/Lane3/B_193_MIR9_10484832_237LGHLT3_L6_R2.fastq.gz	631827	634280
NANTI_A304	1	BCSB3	2337HWLT4	ILLUMINA	1	NANTI_A304	ACGCACCT+TCATCCTC	data/Lane1/210_NANTI_A304_10483618_2337HWLT4_L1_R1.fastq.gz	data/Lane1/210_NANTI_A304_10483618_2337HWLT4_L1_R2.fastq.gz	206486	192907
NANTI_A304	2	BCSB3	237LGHLT3	ILLUMINA	6	NANTI_A304	ACGCACCT+TCATCCTC	data/Lane3/B_097_NANTI_A304_10484832_237LGHLT3_L6_R1.fastq.gz	data/Lane3/B_097_NANTI_A304_10484832_237LGHLT3_L6_R2.fastq.gz	402213	386171
NANTI_A315	1	BCSB4	2337HWLT4	ILLUMINA	2	NANTI_A315	GCTAATCA+GGAGTCGC	data/Lane2/040_NANTI_A315_10483619_2337HWLT4_L2_R1.fastq.gz	data/Lane2/040_NANTI_A315_10483619_2337HWLT4_L2_R2.fastq.gz	632181	558897
NANTI_A315	2	BCSB4	237LGHLT3	ILLUMINA	6	NANTI_A315	GCTAATCA+GGAGTCGC	data/Lane3/B_141_NANTI_A315_10484832_237LGHLT3_L6_R1.fastq.gz	data/Lane3/B_141_NANTI_A315_10484832_237LGHLT3_L6_R2.fastq.gz	669580	617401
NANTI_A316	1	BCSB4	2337HWLT4	ILLUMINA	2	NANTI_A316	TGGTATCC+ACATGCAT	data/Lane2/050_NANTI_A316_10483619_2337HWLT4_L2_R1.fastq.gz	data/Lane2/050_NANTI_A316_10483619_2337HWLT4_L2_R2.fastq.gz	395950	390811
NANTI_A316	2	BCSB4	237LGHLT3	ILLUMINA	6	NANTI_A316	TGGTATCC+ACATGCAT	data/Lane3/B_145_NANTI_A316_10484832_237LGHLT3_L6_R1.fastq.gz	data/Lane3/B_145_NANTI_A316_10484832_237LGHLT3_L6_R2.fastq.gz	639769	631087
NANTI_A318	1	BCSB4	2337HWLT4	ILLUMINA	2	NANTI_A318	CTGCAGCG+GTGACCTT	data/Lane2/049_NANTI_A318_10483619_2337HWLT4_L2_R1.fastq.gz	data/Lane2/049_NANTI_A318_10483619_2337HWLT4_L2_R2.fastq.gz	458504	457097
NANTI_A318	2	BCSB4	237LGHLT3	ILLUMINA	6	NANTI_A318	CTGCAGCG+GTGACCTT	data/Lane3/B_144_NANTI_A318_10484832_237LGHLT3_L6_R1.fastq.gz	data/Lane3/B_144_NANTI_A318_10484832_237LGHLT3_L6_R2.fastq.gz	493841	495302
NANTI_A392	1	BCSB4	2337HWLT4	ILLUMINA	2	NANTI_A392	CCGGTCAG+CGAGGCGG	data/Lane2/059_NANTI_A392_10483619_2337HWLT4_L2_R1.fastq.gz	data/Lane2/059_NANTI_A392_10483619_2337HWLT4_L2_R2.fastq.gz	279525	275910
NANTI_A392	2	BCSB4	237LGHLT3	ILLUMINA	6	NANTI_A392	CCGGTCAG+CGAGGCGG	data/Lane3/B_147_NANTI_A392_10484832_237LGHLT3_L6_R1.fastq.gz	data/Lane3/B_147_NANTI_A392_10484832_237LGHLT3_L6_R2.fastq.gz	484801	482291
NANTI_A397	1	BCSB5	2337HWLT4	ILLUMINA	2	NANTI_A397	ACGGCCGT+GCCAGATC	data/Lane2/142_NANTI_A397_10483619_2337HWLT4_L2_R1.fastq.gz	data/Lane2/142_NANTI_A397_10483619_2337HWLT4_L2_R2.fastq.gz	173633	160125
NANTI_A397	2	BCSB5	237LGHLT3	ILLUMINA	6	NANTI_A397	ACGGCCGT+GCCAGATC	data/Lane3/B_177_NANTI_A397_10484832_237LGHLT3_L6_R1.fastq.gz	data/Lane3/B_177_NANTI_A397_10484832_237LGHLT3_L6_R2.fastq.gz	394458	370834
NANT_A91	1	BCSB2	2337HWLT4	ILLUMINA	1	NANT_A91	CGCCACAC+AATTGGCG	data/Lane1/116_NANT_A91_10483618_2337HWLT4_L1_R1.fastq.gz	data/Lane1/116_NANT_A91_10483618_2337HWLT4_L1_R2.fastq.gz	150581	147384
NANT_A91	2	BCSB2	237LGHLT3	ILLUMINA	6	NANT_A91	CGCCACAC+AATTGGCG	data/Lane3/B_061_NANT_A91_10484832_237LGHLT3_L6_R1.fastq.gz	data/Lane3/B_061_NANT_A91_10484832_237LGHLT3_L6_R2.fastq.gz	292927	288147
NANT_A92	1	BCSB2	2337HWLT4	ILLUMINA	1	NANT_A92	TTCCATCT+AGCGGTGG	data/Lane1/097_NANT_A92_10483618_2337HWLT4_L1_R1.fastq.gz	data/Lane1/097_NANT_A92_10483618_2337HWLT4_L1_R2.fastq.gz	423582	435207
NANT_A92	2	BCSB2	237LGHLT3	ILLUMINA	6	NANT_A92	TTCCATCT+AGCGGTGG	data/Lane3/B_053_NANT_A92_10484832_237LGHLT3_L6_R1.fastq.gz	data/Lane3/B_053_NANT_A92_10484832_237LGHLT3_L6_R2.fastq.gz	455453	460137
NANT_A94	1	BCSB5	2337HWLT4	ILLUMINA	2	NANT_A94	CTGGAATG+ATATGGGA	data/Lane2/171_NANT_A94_10483619_2337HWLT4_L2_R1.fastq.gz	data/Lane2/171_NANT_A94_10483619_2337HWLT4_L2_R2.fastq.gz	482405	499191
NANT_A94	2	BCSB5	237LGHLT3	ILLUMINA	6	NANT_A94	CTGGAATG+ATATGGGA	data/Lane3/B_188_NANT_A94_10484832_237LGHLT3_L6_R1.fastq.gz	data/Lane3/B_188_NANT_A94_10484832_237LGHLT3_L6_R2.fastq.gz	574240	582215
NANT_A98	1	BCSB5	2337HWLT4	ILLUMINA	2	NANT_A98	TTCTTGGA+TACTCTGT	data/Lane2/111_NANT_A98_10483619_2337HWLT4_L2_R1.fastq.gz	data/Lane2/111_NANT_A98_10483619_2337HWLT4_L2_R2.fastq.gz	482172	480882
NANT_A98	2	BCSB5	237LGHLT3	ILLUMINA	6	NANT_A98	TTCTTGGA+TACTCTGT	data/Lane3/B_161_NANT_A98_10484832_237LGHLT3_L6_R1.fastq.gz	data/Lane3/B_161_NANT_A98_10484832_237LGHLT3_L6_R2.fastq.gz	522259	523899
NANT_A99	1	BCSB5	2337HWLT4	ILLUMINA	2	NANT_A99	GCATAACC+TCACAGAT	data/Lane2/137_NANT_A99_10483619_2337HWLT4_L2_R1.fastq.gz	data/Lane2/137_NANT_A99_10483619_2337HWLT4_L2_R2.fastq.gz	645806	645050
NANT_A99	2	BCSB5	237LGHLT3	ILLUMINA	6	NANT_A99	GCATAACC+TCACAGAT	data/Lane3/B_175_NANT_A99_10484832_237LGHLT3_L6_R1.fastq.gz	data/Lane3/B_175_NANT_A99_10484832_237LGHLT3_L6_R2.fastq.gz	524787	524360
POT_A1	1	BCSB2	2337HWLT4	ILLUMINA	1	POT_A1	CCGAGTTC+GGCAGTAG	data/Lane1/124_POT_A1_10483618_2337HWLT4_L1_R1.fastq.gz	data/Lane1/124_POT_A1_10483618_2337HWLT4_L1_R2.fastq.gz	705791	701873
POT_A1	2	BCSB2	237LGHLT3	ILLUMINA	6	POT_A1	CCGAGTTC+GGCAGTAG	data/Lane3/B_065_POT_A1_10484832_237LGHLT3_L6_R1.fastq.gz	data/Lane3/B_065_POT_A1_10484832_237LGHLT3_L6_R2.fastq.gz	583598	581315
POT_A164	1	BCSB5	2337HWLT4	ILLUMINA	2	POT_A164	GTTATATC+CGCTTCTG	data/Lane2/162_POT_A164_10483619_2337HWLT4_L2_R1.fastq.gz	data/Lane2/162_POT_A164_10483619_2337HWLT4_L2_R2.fastq.gz	602444	608931
POT_A164	2	BCSB5	237LGHLT3	ILLUMINA	6	POT_A164	GTTATATC+CGCTTCTG	data/Lane3/B_183_POT_A164_10484832_237LGHLT3_L6_R1.fastq.gz	data/Lane3/B_183_POT_A164_10484832_237LGHLT3_L6_R2.fastq.gz	508056	512517
POT_A165	1	BCSB2	2337HWLT4	ILLUMINA	1	POT_A165	GTGGAAGC+ACGAGACT	data/Lane1/138_POT_A165_10483618_2337HWLT4_L1_R1.fastq.gz	data/Lane1/138_POT_A165_10483618_2337HWLT4_L1_R2.fastq.gz	68600	67682
POT_A165	2	BCSB2	237LGHLT3	ILLUMINA	6	POT_A165	GTGGAAGC+ACGAGACT	data/Lane3/B_069_POT_A165_10484832_237LGHLT3_L6_R1.fastq.gz	data/Lane3/B_069_POT_A165_10484832_237LGHLT3_L6_R2.fastq.gz	181012	176174
POT_A174	1	BCSB3	2337HWLT4	ILLUMINA	1	POT_A174	CAGTTCTG+AATTCGAT	data/Lane1/225_POT_A174_10483618_2337HWLT4_L1_R1.fastq.gz	data/Lane1/225_POT_A174_10483618_2337HWLT4_L1_R2.fastq.gz	180875	180748
POT_A174	2	BCSB3	237LGHLT3	ILLUMINA	6	POT_A174	CAGTTCTG+AATTCGAT	data/Lane3/B_102_POT_A174_10484832_237LGHLT3_L6_R1.fastq.gz	data/Lane3/B_102_POT_A174_10484832_237LGHLT3_L6_R2.fastq.gz	348649	344380
POT_A194	1	BCSB4	2337HWLT4	ILLUMINA	2	POT_A194	TGCGCGGT+ACGAGACT	data/Lane2/042_POT_A194_10483619_2337HWLT4_L2_R1.fastq.gz	data/Lane2/042_POT_A194_10483619_2337HWLT4_L2_R2.fastq.gz	379907	375676
POT_A194	2	BCSB4	237LGHLT3	ILLUMINA	6	POT_A194	TGCGCGGT+ACGAGACT	data/Lane3/B_142_POT_A194_10484832_237LGHLT3_L6_R1.fastq.gz	data/Lane3/B_142_POT_A194_10484832_237LGHLT3_L6_R2.fastq.gz	518112	513171
POT_A320	1	BCSB4	2337HWLT4	ILLUMINA	2	POT_A320	CTACATAC+CGCGAGCC	data/Lane2/018_POT_A320_10483619_2337HWLT4_L2_R1.fastq.gz	data/Lane2/018_POT_A320_10483619_2337HWLT4_L2_R2.fastq.gz	232200	226109
POT_A320	2	BCSB4	237LGHLT3	ILLUMINA	6	POT_A320	CTACATAC+CGCGAGCC	data/Lane3/B_133_POT_A320_10484832_237LGHLT3_L6_R1.fastq.gz	data/Lane3/B_133_POT_A320_10484832_237LGHLT3_L6_R2.fastq.gz	413332	405749
POT_A323	1	BCSB4	2337HWLT4	ILLUMINA	2	POT_A323	AGCGGCAC+TGGCGGTC	data/Lane2/010_POT_A323_10483619_2337HWLT4_L2_R1.fastq.gz	data/Lane2/010_POT_A323_10483619_2337HWLT4_L2_R2.fastq.gz	801011	715300
POT_A323	2	BCSB4	237LGHLT3	ILLUMINA	6	POT_A323	AGCGGCAC+TGGCGGTC	data/Lane3/B_131_POT_A323_10484832_237LGHLT3_L6_R1.fastq.gz	data/Lane3/B_131_POT_A323_10484832_237LGHLT3_L6_R2.fastq.gz	831910	740883
POT_A326	1	BCSB5	2337HWLT4	ILLUMINA	2	POT_A326	GGACAAGT+TTGGTCAC	data/Lane2/169_POT_A326_10483619_2337HWLT4_L2_R1.fastq.gz	data/Lane2/169_POT_A326_10483619_2337HWLT4_L2_R2.fastq.gz	704442	685703
POT_A326	2	BCSB5	237LGHLT3	ILLUMINA	6	POT_A326	GGACAAGT+TTGGTCAC	data/Lane3/B_187_POT_A326_10484832_237LGHLT3_L6_R1.fastq.gz	data/Lane3/B_187_POT_A326_10484832_237LGHLT3_L6_R2.fastq.gz	673077	661558
POT_A328	1	BCSB4	2337HWLT4	ILLUMINA	2	POT_A328	CGCTTCGG+TTAATAGA	data/Lane2/039_POT_A328_10483619_2337HWLT4_L2_R1.fastq.gz	data/Lane2/039_POT_A328_10483619_2337HWLT4_L2_R2.fastq.gz	176249	174319
POT_A328	2	BCSB4	237LGHLT3	ILLUMINA	6	POT_A328	CGCTTCGG+TTAATAGA	data/Lane3/B_140_POT_A328_10484832_237LGHLT3_L6_R1.fastq.gz	data/Lane3/B_140_POT_A328_10484832_237LGHLT3_L6_R2.fastq.gz	335631	335280
RAP14_03	1	BCSB2	2337HWLT4	ILLUMINA	1	RAP14_03	CTACTGCC+TTGTCAAC	data/Lane1/117_RAP14_03_10483618_2337HWLT4_L1_R1.fastq.gz	data/Lane1/117_RAP14_03_10483618_2337HWLT4_L1_R2.fastq.gz	559618	539623
RAP14_03	2	BCSB2	237LGHLT3	ILLUMINA	6	RAP14_03	CTACTGCC+TTGTCAAC	data/Lane3/B_062_RAP14_03_10484832_237LGHLT3_L6_R1.fastq.gz	data/Lane3/B_062_RAP14_03_10484832_237LGHLT3_L6_R2.fastq.gz	460949	451633
RAP14_19	1	BCSB5	2337HWLT4	ILLUMINA	2	RAP14_19	CCTTAATC+GTCACGGT	data/Lane2/118_RAP14_19_10483619_2337HWLT4_L2_R1.fastq.gz	data/Lane2/118_RAP14_19_10483619_2337HWLT4_L2_R2.fastq.gz	750175	740492
RAP14_19	2	BCSB5	237LGHLT3	ILLUMINA	6	RAP14_19	CCTTAATC+GTCACGGT	data/Lane3/B_164_RAP14_19_10484832_237LGHLT3_L6_R1.fastq.gz	data/Lane3/B_164_RAP14_19_10484832_237LGHLT3_L6_R2.fastq.gz	507940	502158
RAP14_27	1	BCSB5	2337HWLT4	ILLUMINA	2	RAP14_27	ATCTGTGA+TTCGTTGT	data/Lane2/168_RAP14_27_10483619_2337HWLT4_L2_R1.fastq.gz	data/Lane2/168_RAP14_27_10483619_2337HWLT4_L2_R2.fastq.gz	656048	651874
RAP14_27	2	BCSB5	237LGHLT3	ILLUMINA	6	RAP14_27	ATCTGTGA+TTCGTTGT	data/Lane3/B_186_RAP14_27_10484832_237LGHLT3_L6_R1.fastq.gz	data/Lane3/B_186_RAP14_27_10484832_237LGHLT3_L6_R2.fastq.gz	630992	627327
RAP14_32	1	BCSB2	2337HWLT4	ILLUMINA	1	RAP14_32	CTAGACCA+AGTACCTA	data/Lane1/150_RAP14_32_10483618_2337HWLT4_L1_R1.fastq.gz	data/Lane1/150_RAP14_32_10483618_2337HWLT4_L1_R2.fastq.gz	642074	641876
RAP14_32	2	BCSB2	237LGHLT3	ILLUMINA	6	RAP14_32	CTAGACCA+AGTACCTA	data/Lane3/B_073_RAP14_32_10484832_237LGHLT3_L6_R1.fastq.gz	data/Lane3/B_073_RAP14_32_10484832_237LGHLT3_L6_R2.fastq.gz	470932	473144
RAP14_44	1	BCSB3	2337HWLT4	ILLUMINA	1	RAP14_44	TGAACCTG+AGCTCTCA	data/Lane1/226_RAP14_44_10483618_2337HWLT4_L1_R1.fastq.gz	data/Lane1/226_RAP14_44_10483618_2337HWLT4_L1_R2.fastq.gz	333709	332849
RAP14_44	2	BCSB3	237LGHLT3	ILLUMINA	6	RAP14_44	TGAACCTG+AGCTCTCA	data/Lane3/B_103_RAP14_44_10484832_237LGHLT3_L6_R1.fastq.gz	data/Lane3/B_103_RAP14_44_10484832_237LGHLT3_L6_R2.fastq.gz	479391	480920
RAP14_45	1	BCSB3	2337HWLT4	ILLUMINA	1	RAP14_45	AAGAGGTG+CTCACACA	data/Lane1/194_RAP14_45_10483618_2337HWLT4_L1_R1.fastq.gz	data/Lane1/194_RAP14_45_10483618_2337HWLT4_L1_R2.fastq.gz	758475	734330
RAP14_45	2	BCSB3	237LGHLT3	ILLUMINA	6	RAP14_45	AAGAGGTG+CTCACACA	data/Lane3/B_091_RAP14_45_10484832_237LGHLT3_L6_R1.fastq.gz	data/Lane3/B_091_RAP14_45_10484832_237LGHLT3_L6_R2.fastq.gz	520983	514528
RAP14_48	1	BCSB3	2337HWLT4	ILLUMINA	1	RAP14_48	GTACCTGA+ACGCTGTC	data/Lane1/256_RAP14_48_10483618_2337HWLT4_L1_R1.fastq.gz	data/Lane1/256_RAP14_48_10483618_2337HWLT4_L1_R2.fastq.gz	400484	319446
RAP14_48	2	BCSB3	237LGHLT3	ILLUMINA	6	RAP14_48	GTACCTGA+ACGCTGTC	data/Lane3/B_110_RAP14_48_10484832_237LGHLT3_L6_R1.fastq.gz	data/Lane3/B_110_RAP14_48_10484832_237LGHLT3_L6_R2.fastq.gz	747694	612959
RAP14_50	1	BCSB3	2337HWLT4	ILLUMINA	1	RAP14_50	ACATAGGC+GCCAGATC	data/Lane1/238_RAP14_50_10483618_2337HWLT4_L1_R1.fastq.gz	data/Lane1/238_RAP14_50_10483618_2337HWLT4_L1_R2.fastq.gz	518710	466095
RAP14_50	2	BCSB3	237LGHLT3	ILLUMINA	6	RAP14_50	ACATAGGC+GCCAGATC	data/Lane3/B_106_RAP14_50_10484832_237LGHLT3_L6_R1.fastq.gz	data/Lane3/B_106_RAP14_50_10484832_237LGHLT3_L6_R2.fastq.gz	500737	469893
ROA14_03	1	BCSB3	2337HWLT4	ILLUMINA	1	ROA14_03	TCTCACGG+ATATGGGA	data/Lane1/267_ROA14_03_10483618_2337HWLT4_L1_R1.fastq.gz	data/Lane1/267_ROA14_03_10483618_2337HWLT4_L1_R2.fastq.gz	228480	228863
ROA14_03	2	BCSB3	237LGHLT3	ILLUMINA	6	ROA14_03	TCTCACGG+ATATGGGA	data/Lane3/B_113_ROA14_03_10484832_237LGHLT3_L6_R1.fastq.gz	data/Lane3/B_113_ROA14_03_10484832_237LGHLT3_L6_R2.fastq.gz	414829	417251
ROA14_04	1	BCSB3	2337HWLT4	ILLUMINA	1	ROA14_04	CTGGCCAA+GGTAAGAT	data/Lane1/211_ROA14_04_10483618_2337HWLT4_L1_R1.fastq.gz	data/Lane1/211_ROA14_04_10483618_2337HWLT4_L1_R2.fastq.gz	132167	130342
ROA14_04	2	BCSB3	237LGHLT3	ILLUMINA	6	ROA14_04	CTGGCCAA+GGTAAGAT	data/Lane3/B_098_ROA14_04_10484832_237LGHLT3_L6_R1.fastq.gz	data/Lane3/B_098_ROA14_04_10484832_237LGHLT3_L6_R2.fastq.gz	299353	295814
ROA14_07	1	BCSB3	2337HWLT4	ILLUMINA	1	ROA14_07	TAGAGCTC+CCTTACTA	data/Lane1/236_ROA14_07_10483618_2337HWLT4_L1_R1.fastq.gz	data/Lane1/236_ROA14_07_10483618_2337HWLT4_L1_R2.fastq.gz	308158	307228
ROA14_07	2	BCSB3	237LGHLT3	ILLUMINA	6	ROA14_07	TAGAGCTC+CCTTACTA	data/Lane3/B_105_ROA14_07_10484832_237LGHLT3_L6_R1.fastq.gz	data/Lane3/B_105_ROA14_07_10484832_237LGHLT3_L6_R2.fastq.gz	552878	551188
ROA14_08	1	BCSB5	2337HWLT4	ILLUMINA	2	ROA14_08	TACCGCAC+AGCTCTCA	data/Lane2/130_ROA14_08_10483619_2337HWLT4_L2_R1.fastq.gz	data/Lane2/130_ROA14_08_10483619_2337HWLT4_L2_R2.fastq.gz	107208	106383
ROA14_08	2	BCSB5	237LGHLT3	ILLUMINA	6	ROA14_08	TACCGCAC+AGCTCTCA	data/Lane3/B_171_ROA14_08_10484832_237LGHLT3_L6_R1.fastq.gz	data/Lane3/B_171_ROA14_08_10484832_237LGHLT3_L6_R2.fastq.gz	265135	263590
ROA14_11	1	BCSB4	2337HWLT4	ILLUMINA	2	ROA14_11	AGCATCCA+AATTGGCG	data/Lane2/020_ROA14_11_10483619_2337HWLT4_L2_R1.fastq.gz	data/Lane2/020_ROA14_11_10483619_2337HWLT4_L2_R2.fastq.gz	318155	322270
ROA14_11	2	BCSB4	237LGHLT3	ILLUMINA	6	ROA14_11	AGCATCCA+AATTGGCG	data/Lane3/B_134_ROA14_11_10484832_237LGHLT3_L6_R1.fastq.gz	data/Lane3/B_134_ROA14_11_10484832_237LGHLT3_L6_R2.fastq.gz	522341	527313
ROA14_12	1	BCSB4	2337HWLT4	ILLUMINA	2	ROA14_12	TAATCGAC+CAACCGGA	data/Lane2/027_ROA14_12_10483619_2337HWLT4_L2_R1.fastq.gz	data/Lane2/027_ROA14_12_10483619_2337HWLT4_L2_R2.fastq.gz	663778	669044
ROA14_12	2	BCSB4	237LGHLT3	ILLUMINA	6	ROA14_12	TAATCGAC+CAACCGGA	data/Lane3/B_136_ROA14_12_10484832_237LGHLT3_L6_R1.fastq.gz	data/Lane3/B_136_ROA14_12_10484832_237LGHLT3_L6_R2.fastq.gz	528841	533173
ROA14_13	1	BCSB4	2337HWLT4	ILLUMINA	2	ROA14_13	CCTGGATA+TTGACCAA	data/Lane2/033_ROA14_13_10483619_2337HWLT4_L2_R1.fastq.gz	data/Lane2/033_ROA14_13_10483619_2337HWLT4_L2_R2.fastq.gz	399356	401146
ROA14_13	2	BCSB4	237LGHLT3	ILLUMINA	6	ROA14_13	CCTGGATA+TTGACCAA	data/Lane3/B_138_ROA14_13_10484832_237LGHLT3_L6_R1.fastq.gz	data/Lane3/B_138_ROA14_13_10484832_237LGHLT3_L6_R2.fastq.gz	555655	556948
ROA14_14	1	BCSB4	2337HWLT4	ILLUMINA	2	ROA14_14	CGAGGCCG+CCGTGGCC	data/Lane2/082_ROA14_14_10483619_2337HWLT4_L2_R1.fastq.gz	data/Lane2/082_ROA14_14_10483619_2337HWLT4_L2_R2.fastq.gz	61613	60579
ROA14_14	2	BCSB4	237LGHLT3	ILLUMINA	6	ROA14_14	CGAGGCCG+CCGTGGCC	data/Lane3/B_152_ROA14_14_10484832_237LGHLT3_L6_R1.fastq.gz	data/Lane3/B_152_ROA14_14_10484832_237LGHLT3_L6_R2.fastq.gz	137398	135515
ROA14_15	1	BCSB4	2337HWLT4	ILLUMINA	2	ROA14_15	TTCAAGCG+GACCGGAG	data/Lane2/055_ROA14_15_10483619_2337HWLT4_L2_R1.fastq.gz	data/Lane2/055_ROA14_15_10483619_2337HWLT4_L2_R2.fastq.gz	542227	542076
ROA14_15	2	BCSB4	237LGHLT3	ILLUMINA	6	ROA14_15	TTCAAGCG+GACCGGAG	data/Lane3/B_146_ROA14_15_10484832_237LGHLT3_L6_R1.fastq.gz	data/Lane3/B_146_ROA14_15_10484832_237LGHLT3_L6_R2.fastq.gz	524845	531367
ROA14_16	1	BCSB4	2337HWLT4	ILLUMINA	2	ROA14_16	GAGTACTT+GCCGTCTG	data/Lane2/046_ROA14_16_10483619_2337HWLT4_L2_R1.fastq.gz	data/Lane2/046_ROA14_16_10483619_2337HWLT4_L2_R2.fastq.gz	421420	426744
ROA14_16	2	BCSB4	237LGHLT3	ILLUMINA	6	ROA14_16	GAGTACTT+GCCGTCTG	data/Lane3/B_143_ROA14_16_10484832_237LGHLT3_L6_R1.fastq.gz	data/Lane3/B_143_ROA14_16_10484832_237LGHLT3_L6_R2.fastq.gz	650344	653981
ROA14_17	1	BCSB4	2337HWLT4	ILLUMINA	2	ROA14_17	GTATGTTC+GACGAACA	data/Lane2/009_ROA14_17_10483619_2337HWLT4_L2_R1.fastq.gz	data/Lane2/009_ROA14_17_10483619_2337HWLT4_L2_R2.fastq.gz	691736	687342
ROA14_17	2	BCSB4	237LGHLT3	ILLUMINA	6	ROA14_17	GTATGTTC+GACGAACA	data/Lane3/B_130_ROA14_17_10484832_237LGHLT3_L6_R1.fastq.gz	data/Lane3/B_130_ROA14_17_10484832_237LGHLT3_L6_R2.fastq.gz	532073	530656
ROA14_18	1	BCSB5	2337HWLT4	ILLUMINA	2	ROA14_18	GAGAGTCT+GAATTCTC	data/Lane2/164_ROA14_18_10483619_2337HWLT4_L2_R1.fastq.gz	data/Lane2/164_ROA14_18_10483619_2337HWLT4_L2_R2.fastq.gz	459504	434103
ROA14_18	2	BCSB5	237LGHLT3	ILLUMINA	6	ROA14_18	GAGAGTCT+GAATTCTC	data/Lane3/B_184_ROA14_18_10484832_237LGHLT3_L6_R1.fastq.gz	data/Lane3/B_184_ROA14_18_10484832_237LGHLT3_L6_R2.fastq.gz	598786	578634
ROA14_19	1	BCSB5	2337HWLT4	ILLUMINA	2	ROA14_19	CCATATCT+AACATCTA	data/Lane2/139_ROA14_19_10483619_2337HWLT4_L2_R1.fastq.gz	data/Lane2/139_ROA14_19_10483619_2337HWLT4_L2_R2.fastq.gz	227864	229108
ROA14_19	2	BCSB5	237LGHLT3	ILLUMINA	6	ROA14_19	CCATATCT+AACATCTA	data/Lane3/B_176_ROA14_19_10484832_237LGHLT3_L6_R1.fastq.gz	data/Lane3/B_176_ROA14_19_10484832_237LGHLT3_L6_R2.fastq.gz	654840	651816
ROA14_20	1	BCSB5	2337HWLT4	ILLUMINA	2	ROA14_20	CTAGACCA+CTCAAGGC	data/Lane2/150_ROA14_20_10483619_2337HWLT4_L2_R1.fastq.gz	data/Lane2/150_ROA14_20_10483619_2337HWLT4_L2_R2.fastq.gz	858380	762218
ROA14_20	2	BCSB5	237LGHLT3	ILLUMINA	6	ROA14_20	CTAGACCA+CTCAAGGC	data/Lane3/B_179_ROA14_20_10484832_237LGHLT3_L6_R1.fastq.gz	data/Lane3/B_179_ROA14_20_10484832_237LGHLT3_L6_R2.fastq.gz	586036	538771
ROA14_21	1	BCSB5	2337HWLT4	ILLUMINA	2	ROA14_21	ATTCTGCT+CGAAGACG	data/Lane2/121_ROA14_21_10483619_2337HWLT4_L2_R1.fastq.gz	data/Lane2/121_ROA14_21_10483619_2337HWLT4_L2_R2.fastq.gz	653281	658047
ROA14_21	2	BCSB5	237LGHLT3	ILLUMINA	6	ROA14_21	ATTCTGCT+CGAAGACG	data/Lane3/B_166_ROA14_21_10484832_237LGHLT3_L6_R1.fastq.gz	data/Lane3/B_166_ROA14_21_10484832_237LGHLT3_L6_R2.fastq.gz	520938	522895
ROA14_23	1	BCSB2	2337HWLT4	ILLUMINA	1	ROA14_23	TGCAACCT+GAGTCTCT	data/Lane1/148_ROA14_23_10483618_2337HWLT4_L1_R1.fastq.gz	data/Lane1/148_ROA14_23_10483618_2337HWLT4_L1_R2.fastq.gz	679042	682204
ROA14_23	2	BCSB2	237LGHLT3	ILLUMINA	6	ROA14_23	TGCAACCT+GAGTCTCT	data/Lane3/B_072_ROA14_23_10484832_237LGHLT3_L6_R1.fastq.gz	data/Lane3/B_072_ROA14_23_10484832_237LGHLT3_L6_R2.fastq.gz	474118	476425
ROA14_24	1	BCSB3	2337HWLT4	ILLUMINA	1	ROA14_24	TGGACGCA+CTAGGCAA	data/Lane1/209_ROA14_24_10483618_2337HWLT4_L1_R1.fastq.gz	data/Lane1/209_ROA14_24_10483618_2337HWLT4_L1_R2.fastq.gz	675636	669207
ROA14_24	2	BCSB3	237LGHLT3	ILLUMINA	6	ROA14_24	TGGACGCA+CTAGGCAA	data/Lane3/B_096_ROA14_24_10484832_237LGHLT3_L6_R1.fastq.gz	data/Lane3/B_096_ROA14_24_10484832_237LGHLT3_L6_R2.fastq.gz	524639	520491
ROA_SB101	1	BCSB2	2337HWLT4	ILLUMINA	1	ROA_SB101	TACCGCAC+CTGACCGG	data/Lane1/130_ROA_SB101_10483618_2337HWLT4_L1_R1.fastq.gz	data/Lane1/130_ROA_SB101_10483618_2337HWLT4_L1_R2.fastq.gz	132969	134132
ROA_SB101	2	BCSB2	237LGHLT3	ILLUMINA	6	ROA_SB101	TACCGCAC+CTGACCGG	data/Lane3/B_068_ROA_SB101_10484832_237LGHLT3_L6_R1.fastq.gz	data/Lane3/B_068_ROA_SB101_10484832_237LGHLT3_L6_R2.fastq.gz	235727	238104
ROA_SB103	1	BCSB2	2337HWLT4	ILLUMINA	1	ROA_SB103	GGCGTGCC+GACCGGAG	data/Lane1/151_ROA_SB103_10483618_2337HWLT4_L1_R1.fastq.gz	data/Lane1/151_ROA_SB103_10483618_2337HWLT4_L1_R2.fastq.gz	85468	89548
ROA_SB103	2	BCSB2	237LGHLT3	ILLUMINA	6	ROA_SB103	GGCGTGCC+GACCGGAG	data/Lane3/B_074_ROA_SB103_10484832_237LGHLT3_L6_R1.fastq.gz	data/Lane3/B_074_ROA_SB103_10484832_237LGHLT3_L6_R2.fastq.gz	142167	148847
ROA_SB108	1	BCSB2	2337HWLT4	ILLUMINA	1	ROA_SB108	GCGTTCGC+AGATATGG	data/Lane1/103_ROA_SB108_10483618_2337HWLT4_L1_R1.fastq.gz	data/Lane1/103_ROA_SB108_10483618_2337HWLT4_L1_R2.fastq.gz	62392	62125
ROA_SB108	2	BCSB2	237LGHLT3	ILLUMINA	6	ROA_SB108	GCGTTCGC+AGATATGG	data/Lane3/B_055_ROA_SB108_10484832_237LGHLT3_L6_R1.fastq.gz	data/Lane3/B_055_ROA_SB108_10484832_237LGHLT3_L6_R2.fastq.gz	123627	122506
ROA_SB138	1	BCSB4	2337HWLT4	ILLUMINA	2	ROA_SB138	GACGGAGC+CTTATACC	data/Lane2/096_ROA_SB138_10483619_2337HWLT4_L2_R1.fastq.gz	data/Lane2/096_ROA_SB138_10483619_2337HWLT4_L2_R2.fastq.gz	463817	447832
ROA_SB138	2	BCSB4	237LGHLT3	ILLUMINA	6	ROA_SB138	GACGGAGC+CTTATACC	data/Lane3/B_156_ROA_SB138_10484832_237LGHLT3_L6_R1.fastq.gz	data/Lane3/B_156_ROA_SB138_10484832_237LGHLT3_L6_R2.fastq.gz	449004	443669
ROA_SB161	1	BCSB5	2337HWLT4	ILLUMINA	2	ROA_SB161	CAATGAAT+AGAGTAGA	data/Lane2/179_ROA_SB161_10483619_2337HWLT4_L2_R1.fastq.gz	data/Lane2/179_ROA_SB161_10483619_2337HWLT4_L2_R2.fastq.gz	403936	411109
ROA_SB161	2	BCSB5	237LGHLT3	ILLUMINA	6	ROA_SB161	CAATGAAT+AGAGTAGA	data/Lane3/B_191_ROA_SB161_10484832_237LGHLT3_L6_R1.fastq.gz	data/Lane3/B_191_ROA_SB161_10484832_237LGHLT3_L6_R2.fastq.gz	494559	498027
SJR113	1	BCSB4	2337HWLT4	ILLUMINA	2	SJR113	CTGAGTAG+AGATATGG	data/Lane2/007_SJR113_10483619_2337HWLT4_L2_R1.fastq.gz	data/Lane2/007_SJR113_10483619_2337HWLT4_L2_R2.fastq.gz	353576	355658
SJR113	2	BCSB4	237LGHLT3	ILLUMINA	6	SJR113	CTGAGTAG+AGATATGG	data/Lane3/B_128_SJR113_10484832_237LGHLT3_L6_R1.fastq.gz	data/Lane3/B_128_SJR113_10484832_237LGHLT3_L6_R2.fastq.gz	476806	478812
SJR120	1	BCSB5	2337HWLT4	ILLUMINA	2	SJR120	GGCGTGCC+TTCCGCAA	data/Lane2/151_SJR120_10483619_2337HWLT4_L2_R1.fastq.gz	data/Lane2/151_SJR120_10483619_2337HWLT4_L2_R2.fastq.gz	53522	52197
SJR120	2	BCSB5	237LGHLT3	ILLUMINA	6	SJR120	GGCGTGCC+TTCCGCAA	data/Lane3/B_180_SJR120_10484832_237LGHLT3_L6_R1.fastq.gz	data/Lane3/B_180_SJR120_10484832_237LGHLT3_L6_R2.fastq.gz	125863	123775
SJR162	1	BCSB1	2337HWLT4	ILLUMINA	1	SJR162	ATACCTAT+TATGGCTC	data/Lane1/085_SJR162_10483618_2337HWLT4_L1_R1.fastq.gz	data/Lane1/085_SJR162_10483618_2337HWLT4_L1_R2.fastq.gz	66868	64031
SJR162	2	BCSB1	237LGHLT3	ILLUMINA	6	SJR162	ATACCTAT+TATGGCTC	data/Lane3/B_047_SJR162_10484832_237LGHLT3_L6_R1.fastq.gz	data/Lane3/B_047_SJR162_10484832_237LGHLT3_L6_R2.fastq.gz	228340	211507
SJR30	1	BCSB1	2337HWLT4	ILLUMINA	1	SJR30	TCTCATAT+TATAGTAG	data/Lane1/002_SJR30_10483618_2337HWLT4_L1_R1.fastq.gz	data/Lane1/002_SJR30_10483618_2337HWLT4_L1_R2.fastq.gz	438613	442205
SJR30	2	BCSB1	237LGHLT3	ILLUMINA	6	SJR30	TCTCATAT+TATAGTAG	data/Lane3/B_002_SJR30_10484832_237LGHLT3_L6_R1.fastq.gz	data/Lane3/B_002_SJR30_10484832_237LGHLT3_L6_R2.fastq.gz	468682	468623
SJR32	1	BCSB1	2337HWLT4	ILLUMINA	1	SJR32	AGGCAACC+GGCCTGTC	data/Lane1/013_SJR32_10483618_2337HWLT4_L1_R1.fastq.gz	data/Lane1/013_SJR32_10483618_2337HWLT4_L1_R2.fastq.gz	213530	200452
SJR32	2	BCSB1	237LGHLT3	ILLUMINA	6	SJR32	AGGCAACC+GGCCTGTC	data/Lane3/B_011_SJR32_10484832_237LGHLT3_L6_R1.fastq.gz	data/Lane3/B_011_SJR32_10484832_237LGHLT3_L6_R2.fastq.gz	771795	687299
SJR33	1	BCSB1	2337HWLT4	ILLUMINA	1	SJR33	GACACGCA+ACTAGCCG	data/Lane1/022_SJR33_10483618_2337HWLT4_L1_R1.fastq.gz	data/Lane1/022_SJR33_10483618_2337HWLT4_L1_R2.fastq.gz	281943	280351
SJR33	2	BCSB1	237LGHLT3	ILLUMINA	6	SJR33	GACACGCA+ACTAGCCG	data/Lane3/B_017_SJR33_10484832_237LGHLT3_L6_R1.fastq.gz	data/Lane3/B_017_SJR33_10484832_237LGHLT3_L6_R2.fastq.gz	464931	465848
SJR37	1	BCSB1	2337HWLT4	ILLUMINA	1	SJR37	GTCAGATA+CTACAAGA	data/Lane1/001_SJR37_10483618_2337HWLT4_L1_R1.fastq.gz	data/Lane1/001_SJR37_10483618_2337HWLT4_L1_R2.fastq.gz	642888	645631
SJR37	2	BCSB1	237LGHLT3	ILLUMINA	6	SJR37	GTCAGATA+CTACAAGA	data/Lane3/B_001_SJR37_10484832_237LGHLT3_L6_R1.fastq.gz	data/Lane3/B_001_SJR37_10484832_237LGHLT3_L6_R2.fastq.gz	498129	498613
SJR39	1	BCSB1	2337HWLT4	ILLUMINA	1	SJR39	CTGCAGCG+GATGGATG	data/Lane1/049_SJR39_10483618_2337HWLT4_L1_R1.fastq.gz	data/Lane1/049_SJR39_10483618_2337HWLT4_L1_R2.fastq.gz	274829	272271
SJR39	2	BCSB1	237LGHLT3	ILLUMINA	6	SJR39	CTGCAGCG+GATGGATG	data/Lane3/B_029_SJR39_10484832_237LGHLT3_L6_R1.fastq.gz	data/Lane3/B_029_SJR39_10484832_237LGHLT3_L6_R2.fastq.gz	515456	510640
SJR40	1	BCSB1	2337HWLT4	ILLUMINA	1	SJR40	CACCATGT+AGCACATC	data/Lane1/034_SJR40_10483618_2337HWLT4_L1_R1.fastq.gz	data/Lane1/034_SJR40_10483618_2337HWLT4_L1_R2.fastq.gz	507085	471570
SJR40	2	BCSB1	237LGHLT3	ILLUMINA	6	SJR40	CACCATGT+AGCACATC	data/Lane3/B_021_SJR40_10484832_237LGHLT3_L6_R1.fastq.gz	data/Lane3/B_021_SJR40_10484832_237LGHLT3_L6_R2.fastq.gz	464260	444797
SJR58	1	BCSB1	2337HWLT4	ILLUMINA	1	SJR58	TCCATAAG+TGCCTGGT	data/Lane1/003_SJR58_10483618_2337HWLT4_L1_R1.fastq.gz	data/Lane1/003_SJR58_10483618_2337HWLT4_L1_R2.fastq.gz	353390	354123
SJR58	2	BCSB1	237LGHLT3	ILLUMINA	6	SJR58	TCCATAAG+TGCCTGGT	data/Lane3/B_003_SJR58_10484832_237LGHLT3_L6_R1.fastq.gz	data/Lane3/B_003_SJR58_10484832_237LGHLT3_L6_R2.fastq.gz	467085	466773
SJR82	1	BCSB1	2337HWLT4	ILLUMINA	1	SJR82	CGGCCGTA+CGCACTAA	data/Lane1/026_SJR82_10483618_2337HWLT4_L1_R1.fastq.gz	data/Lane1/026_SJR82_10483618_2337HWLT4_L1_R2.fastq.gz	521837	523081
SJR82	2	BCSB1	237LGHLT3	ILLUMINA	6	SJR82	CGGCCGTA+CGCACTAA	data/Lane3/B_018_SJR82_10484832_237LGHLT3_L6_R1.fastq.gz	data/Lane3/B_018_SJR82_10484832_237LGHLT3_L6_R2.fastq.gz	523535	527113
SJR84	1	BCSB1	2337HWLT4	ILLUMINA	1	SJR84	ATGGCTAC+GTAGCCAT	data/Lane1/071_SJR84_10483618_2337HWLT4_L1_R1.fastq.gz	data/Lane1/071_SJR84_10483618_2337HWLT4_L1_R2.fastq.gz	723205	667487
SJR84	2	BCSB1	237LGHLT3	ILLUMINA	6	SJR84	ATGGCTAC+GTAGCCAT	data/Lane3/B_040_SJR84_10484832_237LGHLT3_L6_R1.fastq.gz	data/Lane3/B_040_SJR84_10484832_237LGHLT3_L6_R2.fastq.gz	509182	480677
SJR92	1	BCSB1	2337HWLT4	ILLUMINA	1	SJR92	ATCGGCTG+TTCTATGG	data/Lane1/028_SJR92_10483618_2337HWLT4_L1_R1.fastq.gz	data/Lane1/028_SJR92_10483618_2337HWLT4_L1_R2.fastq.gz	189246	189978
SJR92	2	BCSB1	237LGHLT3	ILLUMINA	6	SJR92	ATCGGCTG+TTCTATGG	data/Lane3/B_019_SJR92_10484832_237LGHLT3_L6_R1.fastq.gz	data/Lane3/B_019_SJR92_10484832_237LGHLT3_L6_R2.fastq.gz	400779	402862
SJR93	1	BCSB1	2337HWLT4	ILLUMINA	1	SJR93	CGAGGCCG+GGTTATGC	data/Lane1/082_SJR93_10483618_2337HWLT4_L1_R1.fastq.gz	data/Lane1/082_SJR93_10483618_2337HWLT4_L1_R2.fastq.gz	72029	68309
SJR93	2	BCSB1	237LGHLT3	ILLUMINA	6	SJR93	CGAGGCCG+GGTTATGC	data/Lane3/B_044_SJR93_10484832_237LGHLT3_L6_R1.fastq.gz	data/Lane3/B_044_SJR93_10484832_237LGHLT3_L6_R2.fastq.gz	158813	151624
SJR94	1	BCSB1	2337HWLT4	ILLUMINA	1	SJR94	CTACATAC+CTTATGGA	data/Lane1/018_SJR94_10483618_2337HWLT4_L1_R1.fastq.gz	data/Lane1/018_SJR94_10483618_2337HWLT4_L1_R2.fastq.gz	429732	435103
SJR94	2	BCSB1	237LGHLT3	ILLUMINA	6	SJR94	CTACATAC+CTTATGGA	data/Lane3/B_014_SJR94_10484832_237LGHLT3_L6_R1.fastq.gz	data/Lane3/B_014_SJR94_10484832_237LGHLT3_L6_R2.fastq.gz	476328	479735
SJR98	1	BCSB3	2337HWLT4	ILLUMINA	1	SJR98	GAGCCGGT+TCGAATGG	data/Lane1/219_SJR98_10483618_2337HWLT4_L1_R1.fastq.gz	data/Lane1/219_SJR98_10483618_2337HWLT4_L1_R2.fastq.gz	619812	624381
SJR98	2	BCSB3	237LGHLT3	ILLUMINA	6	SJR98	GAGCCGGT+TCGAATGG	data/Lane3/B_101_SJR98_10484832_237LGHLT3_L6_R1.fastq.gz	data/Lane3/B_101_SJR98_10484832_237LGHLT3_L6_R2.fastq.gz	513931	519792
SJR_34	1	BCSB3	2337HWLT4	ILLUMINA	1	SJR_34	AACGCACC+CTCGACTC	data/Lane1/204_SJR_34_10483618_2337HWLT4_L1_R1.fastq.gz	data/Lane1/204_SJR_34_10483618_2337HWLT4_L1_R2.fastq.gz	227108	218111
SJR_34	2	BCSB3	237LGHLT3	ILLUMINA	6	SJR_34	AACGCACC+CTCGACTC	data/Lane3/B_094_SJR_34_10484832_237LGHLT3_L6_R1.fastq.gz	data/Lane3/B_094_SJR_34_10484832_237LGHLT3_L6_R2.fastq.gz	484539	470938
SJR_91	1	BCSB2	2337HWLT4	ILLUMINA	1	SJR_91	CGAATATA+TGGCGGTC	data/Lane1/106_SJR_91_10483618_2337HWLT4_L1_R1.fastq.gz	data/Lane1/106_SJR_91_10483618_2337HWLT4_L1_R2.fastq.gz	486194	441799
SJR_91	2	BCSB2	237LGHLT3	ILLUMINA	6	SJR_91	CGAATATA+TGGCGGTC	data/Lane3/B_057_SJR_91_10484832_237LGHLT3_L6_R1.fastq.gz	data/Lane3/B_057_SJR_91_10484832_237LGHLT3_L6_R2.fastq.gz	1498501	1272486
