Lane,Seq plate,Well,Specimen,i7,i5,Year,Month,day,Notes
1,Baym Canadian Striped Bass plate 1,01A,SJR37,GTCAGATA,CTACAAGA,2025,7,31,Lab notebook section
1,Baym Canadian Striped Bass plate 1,01B,SJR30,TCTCATAT,TATAGTAG,2025,7,31,Lab notebook section
1,Baym Canadian Striped Bass plate 1,01C,SJR58,TCCATAAG,TGCCTGGT,2025,7,31,Lab notebook section
1,Baym Canadian Striped Bass plate 1,01D,2013BRY05_01,CGAGATTA,ACATTATC,2025,7,31,Lab notebook section
1,Baym Canadian Striped Bass plate 1,01E,2013R_BRY02_01,CATCGCGC,GTCCACTT,2025,7,31,Lab notebook section
1,Baym Canadian Striped Bass plate 1,01F,HUD12_34,TCAAGGCA,GTTGATAG,2025,7,31,Lab notebook section
1,Baym Canadian Striped Bass plate 1,01G,CHPK3,CTGAGTAG,ACCAGCGA,2025,7,31,Lab notebook section
1,Baym Canadian Striped Bass plate 1,01H,2013BRY06_01,TCAGACGA,CATACACT,2025,7,31,Lab notebook section
1,Baym Canadian Striped Bass plate 1,02A,HUD12_26,GTATGTTC,GTGTGGCG,2025,7,31,Lab notebook section
1,Baym Canadian Striped Bass plate 1,02B,CHPK12_02,AGCGGCAC,ATCACGAA,2025,7,31,Lab notebook section
1,Baym Canadian Striped Bass plate 1,02C,2013R_BRY03_02,GTTACGGC,CGGCTCTA,2025,7,31,Lab notebook section
1,Baym Canadian Striped Bass plate 1,02D,2015T_SSD01_15,GAATGGTT,TCGGCAGC,2025,7,31,Lab notebook section
1,Baym Canadian Striped Bass plate 1,02E,SJR32,AGGCAACC,GGCCTGTC,2025,7,31,Lab notebook section
1,Baym Canadian Striped Bass plate 1,02F,HUD12_02,ATCATTAG,CTGTGTTA,2025,7,31,Lab notebook section
1,Baym Canadian Striped Bass plate 1,02G,SJR38,TAGGCCGA,TAAGGAAC,2025,7,31,Lab notebook section
1,Baym Canadian Striped Bass plate 1,02H,HUD12_32,GGTTGACT,AATAGAGC,2025,7,31,Lab notebook section
1,Baym Canadian Striped Bass plate 1,03A,HUD12_19,GCCTTGTT,TCCGACCT,2025,7,31,Lab notebook section
1,Baym Canadian Striped Bass plate 1,03B,SJR94,CTACATAC,CTTATGGA,2025,7,31,Lab notebook section
1,Baym Canadian Striped Bass plate 1,03C,HUD12_20,CCATAGAA,GCTTACGG,2025,7,31,Lab notebook section
1,Baym Canadian Striped Bass plate 1,03D,CHPK12_28,AGCATCCA,GAACATAC,2025,7,31,Lab notebook section
1,Baym Canadian Striped Bass plate 1,03E,HUD12_16,CGCACTCT,GTCGATTA,2025,7,31,Lab notebook section
1,Baym Canadian Striped Bass plate 1,03F,SJR33,GACACGCA,ACTAGCCG,2025,7,31,Lab notebook section
1,Baym Canadian Striped Bass plate 1,03G,CHPK12_38,AGTGTATG,TGGCAATA,2025,7,31,Lab notebook section
1,Baym Canadian Striped Bass plate 1,03H,HUD12_35,ATTATACG,TACCATCC,2025,7,31,Lab notebook section
1,Baym Canadian Striped Bass plate 1,04A,SJR86,TAACTCGC,GCTGTAGG,2025,7,31,Lab notebook section
1,Baym Canadian Striped Bass plate 1,04B,SJR82,CGGCCGTA,CGCACTAA,2025,7,31,Lab notebook section
1,Baym Canadian Striped Bass plate 1,04C,2015T_SSD01_42,TAATCGAC,AGTGGTCA,2025,7,31,Lab notebook section
1,Baym Canadian Striped Bass plate 1,04D,SJR92,ATCGGCTG,TTCTATGG,2025,7,31,Lab notebook section
1,Baym Canadian Striped Bass plate 1,04E,2015T_SSD01_29,TCGGCAAT,AATCCGGC,2025,7,31,Lab notebook section
1,Baym Canadian Striped Bass plate 1,04F,CHPK12_23,ATCTCGCC,CCATAAGG,2025,7,31,Lab notebook section
1,Baym Canadian Striped Bass plate 1,04G,2015R_DCA01_05,GCGAGCCA,CTGGTACA,2025,7,31,Lab notebook section
1,Baym Canadian Striped Bass plate 1,04H,CHPK12_26,TTATTCTA,TCAACGTG,2025,7,31,Lab notebook section
1,Baym Canadian Striped Bass plate 1,05A,2015R_DCA02_01,CCTGGATA,ACTGTTGT,2025,7,31,Lab notebook section
1,Baym Canadian Striped Bass plate 1,05B,SJR40,CACCATGT,AGCACATC,2025,7,31,Lab notebook section
1,Baym Canadian Striped Bass plate 1,05C,CHPK12_04,AATTGTAA,TTCCGTCG,2025,7,31,Lab notebook section
1,Baym Canadian Striped Bass plate 1,05D,HUD12_13,GAGGAATA,CTTAACCA,2025,7,31,Lab notebook section
1,Baym Canadian Striped Bass plate 1,05E,2015T_SSD01_28,CGCACGAG,GCCTCGGA,2025,7,31,Lab notebook section
1,Baym Canadian Striped Bass plate 1,05F,SJR36,TATCCTAA,ATAGACCG,2025,7,31,Lab notebook section
1,Baym Canadian Striped Bass plate 1,05G,2014R_BRY05_01,CGCTTCGG,ACAGTTCC,2025,7,31,Lab notebook section
1,Baym Canadian Striped Bass plate 1,05H,HUD12_36,GCTAATCA,AGGCATGT,2025,7,31,Lab notebook section
1,Baym Canadian Striped Bass plate 1,06A,CHPK12_09,CACTGTTA,TTGGCTCC,2025,7,31,Lab notebook section
1,Baym Canadian Striped Bass plate 1,06B,CHPK12_22,TGCGCGGT,TTACAATT,2025,7,31,Lab notebook section
1,Baym Canadian Striped Bass plate 1,06C,HUD12_25,GCGCGAAC,AACCTAGC,2025,7,31,Lab notebook section
1,Baym Canadian Striped Bass plate 1,06D,CHPK12_11,ATGTGTCT,GGAATTCC,2025,7,31,Lab notebook section
1,Baym Canadian Striped Bass plate 1,06E,SJR87_L1,CGGAACAA,AAGCGCGC,2025,7,31,Lab notebook section
1,Baym Canadian Striped Bass plate 1,06F,2013R_BRY05_03,GAGTACTT,TGAGCGTT,2025,7,31,Lab notebook section
1,Baym Canadian Striped Bass plate 1,06G,CHPK12_18,TGTACACC,ATCATAGG,2025,7,31,Lab notebook section
1,Baym Canadian Striped Bass plate 1,06H,2015R_DCA01_03,CATAAGGT,TGTTAGAA,2025,7,31,Lab notebook section
1,Baym Canadian Striped Bass plate 1,07A,SJR39,CTGCAGCG,GATGGATG,2025,7,31,Lab notebook section
1,Baym Canadian Striped Bass plate 1,07B,HUD12_30,TGGTATCC,ACGGCCGT,2025,7,31,Lab notebook section
1,Baym Canadian Striped Bass plate 1,07C,CHPK12_01,CAAGCCAG,CGTTGCTT,2025,7,31,Lab notebook section
1,Baym Canadian Striped Bass plate 1,07D,CHPK12_08,TGCCTTAC,TGACTACA,2025,7,31,Lab notebook section
1,Baym Canadian Striped Bass plate 1,07E,2015T_SSD01_13,TCTACATG,CGGCCTCG,2025,7,31,Lab notebook section
1,Baym Canadian Striped Bass plate 1,07F,SJR42,AGCGTGTA,CAAGCATC,2025,7,31,Lab notebook section
1,Baym Canadian Striped Bass plate 1,07G,HUD12_11,TTCAAGCG,TCGTCTGA,2025,7,31,Lab notebook section
1,Baym Canadian Striped Bass plate 1,07H,2015T_SSD01_33,ATAGATTG,AGACACAT,2025,7,31,Lab notebook section
1,Baym Canadian Striped Bass plate 1,08A,HUD12_24,ATTCCACC,GCGCGATG,2025,7,31,Lab notebook section
1,Baym Canadian Striped Bass plate 1,08B,SJR85,TCCGTCCA,GATACCTC,2025,7,31,Lab notebook section
1,Baym Canadian Striped Bass plate 1,08C,SJR35,CCGGTCAG,GAACCATG,2025,7,31,Lab notebook section
1,Baym Canadian Striped Bass plate 1,08D,2015R_DCA01_04,CTCAATTC,GGCCATCA,2025,7,31,Lab notebook section
1,Baym Canadian Striped Bass plate 1,08E,2015T_SSD01_36,AATGGAGA,TATGTGCA,2025,7,31,Lab notebook section
1,Baym Canadian Striped Bass plate 1,08F,2014R_BRY07_02,ATGCATGT,ATGTAGAC,2025,7,31,Lab notebook section
1,Baym Canadian Striped Bass plate 1,08G,CHPK12_06,GGCGCCTG,CACATCGG,2025,7,31,Lab notebook section
1,Baym Canadian Striped Bass plate 1,08H,CHPK12_20,CGTTATGT,TTAAGTTG,2025,7,31,Lab notebook section
1,Baym Canadian Striped Bass plate 1,09A,HUD12_23,GCAATCGT,CGGACAGT,2025,7,31,Lab notebook section
1,Baym Canadian Striped Bass plate 1,09B,2015T_SSD01_06,ACGCAATA,TCCACGGC,2025,7,31,Lab notebook section
1,Baym Canadian Striped Bass plate 1,09C,CHPK12_17,TACTCATG,TGTGATGT,2025,7,31,Lab notebook section
1,Baym Canadian Striped Bass plate 1,09D,CHPK5,TAGAATTA,GAGCGCAA,2025,7,31,Lab notebook section
1,Baym Canadian Striped Bass plate 1,09E,CHPK12_21,ATTAGCGT,ATCTTACT,2025,7,31,Lab notebook section
1,Baym Canadian Striped Bass plate 1,09F,CHPK2,TAACAAGG,ATGTCGTG,2025,7,31,Lab notebook section
1,Baym Canadian Striped Bass plate 1,09G,SJR84,ATGGCTAC,GTAGCCAT,2025,7,31,Lab notebook section
1,Baym Canadian Striped Bass plate 1,09H,SJR31,GAATTGGA,TGGTTAAG,2025,7,31,Lab notebook section
1,Baym Canadian Striped Bass plate 1,10A,CHPK12_25,CGGCGAAG,TGTTGTTC,2025,7,31,Lab notebook section
1,Baym Canadian Striped Bass plate 1,10B,SJR41,GTGACCGA,CCAACAAC,2025,7,31,Lab notebook section
1,Baym Canadian Striped Bass plate 1,10C,HUD12_22,ACTTGTTC,ACCGGCTC,2025,7,31,Lab notebook section
1,Baym Canadian Striped Bass plate 1,10D,HUD12_29,TACAGGAA,GTTAATCT,2025,7,31,Lab notebook section
1,Baym Canadian Striped Bass plate 1,10E,CHPK12_27,TGACGTTG,TCCAAGAA,2025,7,31,Lab notebook section
1,Baym Canadian Striped Bass plate 1,10F,CHPK12_16,AATAACCG,CCGAACGT,2025,7,31,Lab notebook section
1,Baym Canadian Striped Bass plate 1,10G,2013BRY05_02,AGCCAAGA,TAACCGCC,2025,7,31,Lab notebook section
1,Baym Canadian Striped Bass plate 1,10H,HUD12_15,CGGTGTGA,CTCCGTGC,2025,7,31,Lab notebook section
1,Baym Canadian Striped Bass plate 1,11A,HUD12_33,GTAACGTT,CATTCCAG,2025,7,31,Lab notebook section
1,Baym Canadian Striped Bass plate 1,11B,SJR93,CGAGGCCG,GGTTATGC,2025,7,31,Lab notebook section
1,Baym Canadian Striped Bass plate 1,11C,HUD12_01,GCCTCTGT,ACCACACG,2025,7,31,Lab notebook section
1,Baym Canadian Striped Bass plate 1,11D,2015T_SSD01_08,GGTTCCTA,TAGGTTCT,2025,7,31,Lab notebook section
1,Baym Canadian Striped Bass plate 1,11E,SJR162,ATACCTAT,TATGGCTC,2025,7,31,Lab notebook section
1,Baym Canadian Striped Bass plate 1,11F,2014R_BRY09_02,CGTGAAGG,CTCGTGCG,2025,7,31,Lab notebook section
1,Baym Canadian Striped Bass plate 1,11G,HUD12_28,TATTGGCC,CCAGTTGG,2025,7,31,Lab notebook section
1,Baym Canadian Striped Bass plate 1,11H,CHPK12_19,TCCAATTG,AACCGCAT,2025,7,31,Lab notebook section
1,Baym Canadian Striped Bass plate 1,12A,HUD12_14,CAGCAATT,CGAAGGTT,2025,7,31,Lab notebook section
1,Baym Canadian Striped Bass plate 1,12B,HUD12_12,GCGTATAG,AGTGCCAC,2025,7,31,Lab notebook section
1,Baym Canadian Striped Bass plate 1,12C,CB192,GAGAATAC,GAACAAGT,2025,7,31,Lab notebook section
1,Baym Canadian Striped Bass plate 1,12D,CB29,CAGCGGTC,ACGATTGC,2025,7,31,Lab notebook section
1,Baym Canadian Striped Bass plate 1,12E,CB13,TCGGAGTT,ACGCTAAT,2025,7,31,Lab notebook section
1,Baym Canadian Striped Bass plate 1,12F,CB190,AATATTCA,CGGTTATT,2025,7,31,Lab notebook section
1,Baym Canadian Striped Bass plate 1,12G,CB24,ATGCGGTT,CATGTAGA,2025,7,31,Lab notebook section
1,Baym Canadian Striped Bass plate 1,12H,CB208,GACGGAGC,GATTGTCA,2025,7,31,Lab notebook section
1,Baym Canadian Striped Bass plate 2,01A,NANT_A92,TTCCATCT,AGCGGTGG,2025,7,31,Lab notebook section
1,Baym Canadian Striped Bass plate 2,01B,M438,AACGGTGT,TATAGATT,2025,7,31,Lab notebook section
1,Baym Canadian Striped Bass plate 2,01C,RAP14_33,TTGTTATC,ACAGAGGC,2025,7,31,Lab notebook section
1,Baym Canadian Striped Bass plate 2,01D,CF_SB119,TATGCGAT,ATTCCTAT,2025,7,31,Lab notebook section
1,Baym Canadian Striped Bass plate 2,01E,2014R_BRY07_04,TGACAATC,CGCCTTCT,2025,7,31,Lab notebook section
1,Baym Canadian Striped Bass plate 2,01F,RAP14_22,GTTGTTGG,GCGCAGAG,2025,7,31,Lab notebook section
1,Baym Canadian Striped Bass plate 2,01G,ROA_SB108,GCGTTCGC,AGATATGG,2025,7,31,Lab notebook section
1,Baym Canadian Striped Bass plate 2,01H,JR14_14,CCACCGCT,CCTGCTTG,2025,7,31,Lab notebook section
1,Baym Canadian Striped Bass plate 2,02A,DEL04,TGTTCGTC,GACGAACA,2025,7,31,Lab notebook section
1,Baym Canadian Striped Bass plate 2,02B,SJR_91,CGAATATA,TGGCGGTC,2025,7,31,Lab notebook section
1,Baym Canadian Striped Bass plate 2,02C,CHOP_A52,TCGTCGCG,CTTCAGTT,2025,7,31,Lab notebook section
1,Baym Canadian Striped Bass plate 2,02D,DEL03,TCCGAGGC,CGCGCCTA,2025,7,31,Lab notebook section
1,Baym Canadian Striped Bass plate 2,02E,ROA_SB106,CTGTCTCA,AGGCCAGA,2025,7,31,Lab notebook section
1,Baym Canadian Striped Bass plate 2,02F,CF_SB121,TGCGAACA,CCTTGAAC,2025,7,31,Lab notebook section
1,Baym Canadian Striped Bass plate 2,02G,RAP14_25,TTCTTGGA,TTCATCCA,2025,7,31,Lab notebook section
1,Baym Canadian Striped Bass plate 2,02H,ROA_SB109,CCTACAGC,CATAACAC,2025,7,31,Lab notebook section
1,Baym Canadian Striped Bass plate 2,03A,RAP14_29,CCAGGTAT,TCCTATTA,2025,7,31,Lab notebook section
1,Baym Canadian Striped Bass plate 2,03B,CHOP_A66,GGTCCAAC,CGCGAGCC,2025,7,31,Lab notebook section
1,Baym Canadian Striped Bass plate 2,03C,DEL02,AACTTGGT,ATTACTCA,2025,7,31,Lab notebook section
1,Baym Canadian Striped Bass plate 2,03D,NANT_A91,CGCCACAC,AATTGGCG,2025,7,31,Lab notebook section
1,Baym Canadian Striped Bass plate 2,03E,RAP14_03,CTACTGCC,TTGTCAAC,2025,7,31,Lab notebook section
1,Baym Canadian Striped Bass plate 2,03F,NANTI_A103,CCTTAATC,GGCGAATT,2025,7,31,Lab notebook section
1,Baym Canadian Striped Bass plate 2,03G,DEL01,CACGAGAC,CAACGTCA,2025,7,31,Lab notebook section
1,Baym Canadian Striped Bass plate 2,03H,M414,CTGGTTGT,TCTTACAT,2025,7,31,Lab notebook section
1,Baym Canadian Striped Bass plate 2,04A,CHOP_A62,ATTCTGCT,CGCCATAC,2025,7,31,Lab notebook section
1,Baym Canadian Striped Bass plate 2,04B,CHOP_A343,CACGACTG,CTAATGTC,2025,7,31,Lab notebook section
1,Baym Canadian Striped Bass plate 2,04C,2013R_BRY03_01,GGTTAGAC,CAACCGGA,2025,7,31,Lab notebook section
1,Baym Canadian Striped Bass plate 2,04D,POT_A1,CCGAGTTC,GGCAGTAG,2025,7,31,Lab notebook section
1,Baym Canadian Striped Bass plate 2,04E,CHOP_A54,TGATAACT,TTAGGATA,2025,7,31,Lab notebook section
1,Baym Canadian Striped Bass plate 2,04F,CHPK12_33,CTCGGACT,GAGTTGTA,2025,7,31,Lab notebook section
1,Baym Canadian Striped Bass plate 2,04G,HUD12_38,GGAACTGT,AACACGTG,2025,7,31,Lab notebook section
1,Baym Canadian Striped Bass plate 2,04H,JR14_31,TCGGATAA,GTGTTACC,2025,7,31,Lab notebook section
1,Baym Canadian Striped Bass plate 2,05A,NANTI_A101,TAGACTAT,TTGACCAA,2025,7,31,Lab notebook section
1,Baym Canadian Striped Bass plate 2,05B,ROA_SB101,TACCGCAC,CTGACCGG,2025,7,31,Lab notebook section
1,Baym Canadian Striped Bass plate 2,05C,ROA_SB102,AGGATATC,GGACCAAC,2025,7,31,Lab notebook section
1,Baym Canadian Striped Bass plate 2,05D,RAP14_26,ATACGCGA,AATGTATT,2025,7,31,Lab notebook section
1,Baym Canadian Striped Bass plate 2,05E,JR14_28,CTTAGAAT,GATCTCTG,2025,7,31,Lab notebook section
1,Baym Canadian Striped Bass plate 2,05F,POT_A163,GAAGCGCT,CAGGCGCC,2025,7,31,Lab notebook section
1,Baym Canadian Striped Bass plate 2,05G,CF_SB150,CTATCAAC,TTAATAGA,2025,7,31,Lab notebook section
1,Baym Canadian Striped Bass plate 2,05H,M401,GTTCGGTA,GGAGTCGC,2025,7,31,Lab notebook section
1,Baym Canadian Striped Bass plate 2,06A,RAP14_34,GCATAACC,AACGCCAG,2025,7,31,Lab notebook section
1,Baym Canadian Striped Bass plate 2,06B,POT_A165,GTGGAAGC,ACGAGACT,2025,7,31,Lab notebook section
1,Baym Canadian Striped Bass plate 2,06C,NANTI_A104,CCATATCT,GTATCGGC,2025,7,31,Lab notebook section
1,Baym Canadian Striped Bass plate 2,06D,HUD12_40,TTCATATT,GTTATATG,2025,7,31,Lab notebook section
1,Baym Canadian Striped Bass plate 2,06E,CF_SB155,GGTATCTG,GCCTGCCA,2025,7,31,Lab notebook section
1,Baym Canadian Striped Bass plate 2,06F,M424,ACGGCCGT,GCCGTCTG,2025,7,31,Lab notebook section
1,Baym Canadian Striped Bass plate 2,06G,JR14_34,GTAATTAC,CAGAGTGA,2025,7,31,Lab notebook section
1,Baym Canadian Striped Bass plate 2,06H,CHPK12_32,CCACTAAT,TCAGTTAA,2025,7,31,Lab notebook section
1,Baym Canadian Striped Bass plate 2,07A,JR14_33,AGTTAGCA,GTGACCTT,2025,7,31,Lab notebook section
1,Baym Canadian Striped Bass plate 2,07B,POT_A166,AGGTCTTA,ACATGCAT,2025,7,31,Lab notebook section
1,Baym Canadian Striped Bass plate 2,07C,CHOP_A59,AACGCGGA,CCATGTGT,2025,7,31,Lab notebook section
1,Baym Canadian Striped Bass plate 2,07D,ROA14_23,TGCAACCT,GAGTCTCT,2025,7,31,Lab notebook section
1,Baym Canadian Striped Bass plate 2,07E,CF_SB120,CATGGTTC,GCTATGCG,2025,7,31,Lab notebook section
1,Baym Canadian Striped Bass plate 2,07F,RAP14_32,CTAGACCA,AGTACCTA,2025,7,31,Lab notebook section
1,Baym Canadian Striped Bass plate 2,07G,ROA_SB103,GGCGTGCC,GACCGGAG,2025,7,31,Lab notebook section
1,Baym Canadian Striped Bass plate 2,07H,CF_SB118,GTCCAGCA,CACGTCCA,2025,7,31,Lab notebook section
1,Baym Canadian Striped Bass plate 2,08A,CHOP_A64,GTATTAAT,GCTACTAT,2025,7,31,Lab notebook section
1,Baym Canadian Striped Bass plate 2,08B,M435,TGTGACTA,AGTCAACC,2025,7,31,Lab notebook section
1,Baym Canadian Striped Bass plate 2,08C,M437,GCATCTTG,CGAGGCGG,2025,7,31,Lab notebook section
1,Baym Canadian Striped Bass plate 2,08D,POT_A172,AGTCTCGT,CAGGTGTT,2025,7,31,Lab notebook section
1,Baym Canadian Striped Bass plate 2,08E,CHPK12_37,CGCCATTG,TGTACTTG,2025,7,31,Lab notebook section
1,Baym Canadian Striped Bass plate 2,08F,POT_A170,CGAATTAG,CTCTAAGT,2025,7,31,Lab notebook section
1,Baym Canadian Striped Bass plate 2,08G,JR14_24,AGACCATG,GTCACCAC,2025,7,31,Lab notebook section
1,Baym Canadian Striped Bass plate 2,08H,NANT_A100,CACAGTAT,TGGTGAGT,2025,7,31,Lab notebook section
1,Baym Canadian Striped Bass plate 2,09A,JR14_13,TTGTCGGC,CTTCGAAG,2025,7,31,Lab notebook section
1,Baym Canadian Striped Bass plate 2,09B,DEL12_38,GTTATATC,GTAGAGTC,2025,7,31,Lab notebook section
1,Baym Canadian Striped Bass plate 2,09C,CHOP_A56,ACCGGCGA,GACATTGT,2025,7,31,Lab notebook section
1,Baym Canadian Striped Bass plate 2,09D,POT_A171,GAGAGTCT,CGCTTGAA,2025,7,31,Lab notebook section
1,Baym Canadian Striped Bass plate 2,09E,CF_SB152,TATGTCTC,CAGCGGAC,2025,7,31,Lab notebook section
1,Baym Canadian Striped Bass plate 2,09F,NANT_A96,AATGATAC,GACGTTCG,2025,7,31,Lab notebook section
1,Baym Canadian Striped Bass plate 2,09G,M426,CTAAGCGG,CACGGATT,2025,7,31,Lab notebook section
1,Baym Canadian Striped Bass plate 2,09H,DEL05,ATCTGTGA,TTGAGGAC,2025,7,31,Lab notebook section
1,Baym Canadian Striped Bass plate 2,10A,ROA_SB104,GGACAAGT,GCAACAGG,2025,7,31,Lab notebook section
1,Baym Canadian Striped Bass plate 2,10B,POT_A173,ATTAAGTG,ACCGCGCA,2025,7,31,Lab notebook section
1,Baym Canadian Striped Bass plate 2,10C,DEL12_41,CTGGAATG,AGCCGGAA,2025,7,31,Lab notebook section
1,Baym Canadian Striped Bass plate 2,10D,NANTI_A105,ATAACGAG,CCTCGCAA,2025,7,31,Lab notebook section
1,Baym Canadian Striped Bass plate 2,10E,HUD12_39,TGGCTTCT,TAGGAGCG,2025,7,31,Lab notebook section
1,Baym Canadian Striped Bass plate 2,10F,DEL14_E16,ACCGATTA,AGTTAAGA,2025,7,31,Lab notebook section
1,Baym Canadian Striped Bass plate 2,10G,DEL14_E39,TGGTCCGG,GAGTGTGC,2025,7,31,Lab notebook section
1,Baym Canadian Striped Bass plate 2,10H,HUD14_E4,TCTAAGTC,ATTAATAC,2025,7,31,Lab notebook section
1,Baym Canadian Striped Bass plate 2,11A,HUD14_E8,GTGCATTC,TAGGAAGA,2025,7,31,Lab notebook section
1,Baym Canadian Striped Bass plate 2,11B,HUD14_E10,GATACACG,CCGTGGCC,2025,7,31,Lab notebook section
1,Baym Canadian Striped Bass plate 2,11C,HUD14_E19,CAATGAAT,GGATATAT,2025,7,31,Lab notebook section
1,Baym Canadian Striped Bass plate 2,11D,DEL14_E33,GAGTCGAG,CACCTCTT,2025,7,31,Lab notebook section
1,Baym Canadian Striped Bass plate 2,11E,CB203,ACGAGAGC,AACGTTAC,2025,7,31,Lab notebook section
1,Baym Canadian Striped Bass plate 2,11F,CB219,TGAGGTCC,CGGCAAGC,2025,7,31,Lab notebook section
1,Baym Canadian Striped Bass plate 2,11G,DEL14_E5,AGAGACTC,TCTTGGCT,2025,7,31,Lab notebook section
1,Baym Canadian Striped Bass plate 2,11H,DEL14_E6,GCTCCGTT,ACGGAATG,2025,7,31,Lab notebook section
1,Baym Canadian Striped Bass plate 2,12A,DEL14_E35,ACATCACA,GTTCCGCA,2025,7,31,Lab notebook section
1,Baym Canadian Striped Bass plate 2,12B,HUD14_E7,AAGACAAG,ACCAAGTT,2025,7,31,Lab notebook section
1,Baym Canadian Striped Bass plate 2,12C,HUD14_E6,CTCGTGCA,AACTAACG,2025,7,31,Lab notebook section
1,Baym Canadian Striped Bass plate 2,12D,KEN57,AATAGCAC,AGAGCACT,2025,7,31,Lab notebook section
1,Baym Canadian Striped Bass plate 2,12E,CB191,CACTAAGG,ACTCTACA,2025,7,31,Lab notebook section
1,Baym Canadian Striped Bass plate 2,12F,DEL14_E34,GTCGGCAT,GCGTTGGT,2025,7,31,Lab notebook section
1,Baym Canadian Striped Bass plate 2,12G,DEL14_E36,GACGCTAG,TGTGCTAA,2025,7,31,Lab notebook section
1,Baym Canadian Striped Bass plate 2,12H,DEL14_E37,CGTAGGCA,CTTATACC,2025,7,31,Lab notebook section
1,Baym Canadian Striped Bass plate 3,01A,ROA14_05,GTTCTAGT,TATCATGA,2025,7,31,Lab notebook section
1,Baym Canadian Striped Bass plate 3,01B,RAP14_45,AAGAGGTG,CTCACACA,2025,7,31,Lab notebook section
1,Baym Canadian Striped Bass plate 3,01C,JR14_01,GATCTGGC,GAATTGAG,2025,7,31,Lab notebook section
1,Baym Canadian Striped Bass plate 3,01D,RAP14_10,GAATCCAA,CGGATTAT,2025,7,31,Lab notebook section
1,Baym Canadian Striped Bass plate 3,01E,JR14_35,CGGCTAGT,TTGAAGCA,2025,7,31,Lab notebook section
1,Baym Canadian Striped Bass plate 3,01F,DEL14_08,GCTTGCCG,TACGGCGA,2025,7,31,Lab notebook section
1,Baym Canadian Striped Bass plate 3,01G,CHOP_A72,CCTGTTGC,TCTCCATT,2025,7,31,Lab notebook section
1,Baym Canadian Striped Bass plate 3,01H,M429,TGACTGGT,CGAGACCA,2025,7,31,Lab notebook section
1,Baym Canadian Striped Bass plate 3,02A,JR14_36,GATTCCGG,TGCTGGAC,2025,7,31,Lab notebook section
1,Baym Canadian Striped Bass plate 3,02B,ROA14_06,TAAGGTGG,GATGGTAT,2025,7,31,Lab notebook section
1,Baym Canadian Striped Bass plate 3,02C,CHPK12_12,ACTGCAAC,GGCTTAAT,2025,7,31,Lab notebook section
1,Baym Canadian Striped Bass plate 3,02D,SJR_34,AACGCACC,CTCGACTC,2025,7,31,Lab notebook section
1,Baym Canadian Striped Bass plate 3,02E,CHOP_A69,TTACGCCG,TCTCGGAC,2025,7,31,Lab notebook section
1,Baym Canadian Striped Bass plate 3,02F,CHPK12_13,CTGATGTC,AGTCCGAG,2025,7,31,Lab notebook section
1,Baym Canadian Striped Bass plate 3,02G,JR14_37,AGGAGGAA,TACTCTGT,2025,7,31,Lab notebook section
1,Baym Canadian Striped Bass plate 3,02H,SJR110,CTTACACA,GCGACTCG,2025,7,31,Lab notebook section
1,Baym Canadian Striped Bass plate 3,03A,ROA14_24,TGGACGCA,CTAGGCAA,2025,7,31,Lab notebook section
1,Baym Canadian Striped Bass plate 3,03B,NANTI_A304,ACGCACCT,TCATCCTC,2025,7,31,Lab notebook section
1,Baym Canadian Striped Bass plate 3,03C,ROA14_04,CTGGCCAA,GGTAAGAT,2025,7,31,Lab notebook section
1,Baym Canadian Striped Bass plate 3,03D,CF_SB117,TCTGGCCT,TAGACAAT,2025,7,31,Lab notebook section
1,Baym Canadian Striped Bass plate 3,03E,POT_A176,TTAATGCT,CAATGCTG,2025,7,31,Lab notebook section
1,Baym Canadian Striped Bass plate 3,03F,POT_A180,TGAGTAAT,GTCACGGT,2025,7,31,Lab notebook section
1,Baym Canadian Striped Bass plate 3,03G,CF_SB156,CTCTGCGC,GGTGTACA,2025,7,31,Lab notebook section
1,Baym Canadian Striped Bass plate 3,03H,M418,GTATGGCG,TAATACGG,2025,7,31,Lab notebook section
1,Baym Canadian Striped Bass plate 3,04A,CF_SB158,CATATAAC,CGAAGACG,2025,7,31,Lab notebook section
1,Baym Canadian Striped Bass plate 3,04B,DEL12_19,TGCGAGTG,TCTCACGC,2025,7,31,Lab notebook section
1,Baym Canadian Striped Bass plate 3,04C,SJR98,GAGCCGGT,TCGAATGG,2025,7,31,Lab notebook section
1,Baym Canadian Striped Bass plate 3,04D,JR14_38,CGGTCTAT,TGAACGCA,2025,7,31,Lab notebook section
1,Baym Canadian Striped Bass plate 3,04E,RAP14_46,TCAACCAC,CCGCTTAG,2025,7,31,Lab notebook section
1,Baym Canadian Striped Bass plate 3,04F,CF_SB116,TATTCAGT,CACCGAGG,2025,7,31,Lab notebook section
1,Baym Canadian Striped Bass plate 3,04G,2015T_SSD01_32,ATTATGGA,ATTCATTG,2025,7,31,Lab notebook section
1,Baym Canadian Striped Bass plate 3,04H,DEL12_20,TGGTTAAG,TCATGTCC,2025,7,31,Lab notebook section
1,Baym Canadian Striped Bass plate 3,05A,POT_A174,CAGTTCTG,AATTCGAT,2025,7,31,Lab notebook section
1,Baym Canadian Striped Bass plate 3,05B,RAP14_44,TGAACCTG,AGCTCTCA,2025,7,31,Lab notebook section
1,Baym Canadian Striped Bass plate 3,05C,NANTI_A108,AACCTTGG,TCTGGAAT,2025,7,31,Lab notebook section
1,Baym Canadian Striped Bass plate 3,05D,ROA14_02,TTCTCTCG,ATTAGTGG,2025,7,31,Lab notebook section
1,Baym Canadian Striped Bass plate 3,05E,CHPK12_10,ACATTGCG,CGTTCGGA,2025,7,31,Lab notebook section
1,Baym Canadian Striped Bass plate 3,05F,HUD12_21,GGTCTTAG,TGGTATAC,2025,7,31,Lab notebook section
1,Baym Canadian Striped Bass plate 3,05G,POT_A179,GGATGTAG,GCTCTCGT,2025,7,31,Lab notebook section
1,Baym Canadian Striped Bass plate 3,05H,CHOP_A67,TGAGCTAG,CTGTGAGC,2025,7,31,Lab notebook section
1,Baym Canadian Striped Bass plate 3,06A,NANTI_A106,TTGGTGAG,TCACAGAT,2025,7,31,Lab notebook section
1,Baym Canadian Striped Bass plate 3,06B,POT_A175,TATGGCAG,AGAAGCCA,2025,7,31,Lab notebook section
1,Baym Canadian Striped Bass plate 3,06C,DEL12_16,GCTGTAAG,AACATCTA,2025,7,31,Lab notebook section
1,Baym Canadian Striped Bass plate 3,06D,ROA14_07,TAGAGCTC,CCTTACTA,2025,7,31,Lab notebook section
1,Baym Canadian Striped Bass plate 3,06E,M415,GCAAGATC,GTGGCGAG,2025,7,31,Lab notebook section
1,Baym Canadian Striped Bass plate 3,06F,RAP14_50,ACATAGGC,GCCAGATC,2025,7,31,Lab notebook section
1,Baym Canadian Striped Bass plate 3,06G,ROA_SB105,AAGAAGGC,ACACAATA,2025,7,31,Lab notebook section
1,Baym Canadian Striped Bass plate 3,06H,DEL14_07,GACATTCC,CCTTCACG,2025,7,31,Lab notebook section
1,Baym Canadian Striped Bass plate 3,07A,CF_SB115,GGAAGCTA,TTATGCGC,2025,7,31,Lab notebook section
1,Baym Canadian Striped Bass plate 3,07B,HUD12_17,GTGCCATA,TCTCAGTA,2025,7,31,Lab notebook section
1,Baym Canadian Striped Bass plate 3,07C,JR14_02,CTAGGTGA,AGTATACG,2025,7,31,Lab notebook section
1,Baym Canadian Striped Bass plate 3,07D,NANTI_A107,CTCCTAGA,TACACGCT,2025,7,31,Lab notebook section
1,Baym Canadian Striped Bass plate 3,07E,M410,CCGTAAGA,TCCGATAG,2025,7,31,Lab notebook section
1,Baym Canadian Striped Bass plate 3,07F,NANTI_A110,GCACGTAA,CTCAAGGC,2025,7,31,Lab notebook section
1,Baym Canadian Striped Bass plate 3,07G,M430,ACCTGGAA,TTCCGCAA,2025,7,31,Lab notebook section
1,Baym Canadian Striped Bass plate 3,07H,CHOP_A73,CGTTGCAA,CCTGAACC,2025,7,31,Lab notebook section
1,Baym Canadian Striped Bass plate 3,08A,NANTI_A306,TGCACCAA,GAGATAAC,2025,7,31,Lab notebook section
1,Baym Canadian Striped Bass plate 3,08B,CHOP_A70,ATATACGG,ATGCACCT,2025,7,31,Lab notebook section
1,Baym Canadian Striped Bass plate 3,08C,JR14_03,CATTCGGC,TACTGCAG,2025,7,31,Lab notebook section
1,Baym Canadian Striped Bass plate 3,08D,CHOP_A71,AACCGGAG,GTTCACAA,2025,7,31,Lab notebook section
1,Baym Canadian Striped Bass plate 3,08E,CF_SB162,GAAGTTCG,GGCTCTTG,2025,7,31,Lab notebook section
1,Baym Canadian Striped Bass plate 3,08F,CF_SB163,GACAGCGT,AGACGCTG,2025,7,31,Lab notebook section
1,Baym Canadian Striped Bass plate 3,08G,NANTI_A307,ACTTACAG,CGTAATAG,2025,7,31,Lab notebook section
1,Baym Canadian Striped Bass plate 3,08H,RAP14_48,GTACCTGA,ACGCTGTC,2025,7,31,Lab notebook section
1,Baym Canadian Striped Bass plate 3,09A,CHOP_A68,CGTCGGAT,CACTCTCC,2025,7,31,Lab notebook section
1,Baym Canadian Striped Bass plate 3,09B,2015T_SSD01_27,GGCTACGT,CGCTTCTG,2025,7,31,Lab notebook section
1,Baym Canadian Striped Bass plate 3,09C,DEL12_17,GTTCGTCT,GGTGTCTT,2025,7,31,Lab notebook section
1,Baym Canadian Striped Bass plate 3,09D,POT_A177,GGTGTGGA,GAATTCTC,2025,7,31,Lab notebook section
1,Baym Canadian Striped Bass plate 3,09E,POT_A178,GCTGATTC,GCACTAGA,2025,7,31,Lab notebook section
1,Baym Canadian Striped Bass plate 3,09F,2015R_DCA01_01,AGCCGTTA,TCCACCTT,2025,7,31,Lab notebook section
1,Baym Canadian Striped Bass plate 3,09G,M408,ATATCCTC,TTGAGTCT,2025,7,31,Lab notebook section
1,Baym Canadian Striped Bass plate 3,09H,RAP14_08,ACAATCTC,TTCGTTGT,2025,7,31,Lab notebook section
1,Baym Canadian Striped Bass plate 3,10A,M412,AGACTCAA,TTGGTCAC,2025,7,31,Lab notebook section
1,Baym Canadian Striped Bass plate 3,10B,JR14_39,CACACTGC,AGACTTAG,2025,7,31,Lab notebook section
1,Baym Canadian Striped Bass plate 3,10C,ROA14_03,TCTCACGG,ATATGGGA,2025,7,31,Lab notebook section
1,Baym Canadian Striped Bass plate 3,10D,CF_SB157,TACCCTTT,ATTGTCCA,2025,7,31,Lab notebook section
1,Baym Canadian Striped Bass plate 3,10E,DEL12_06,ACGTTCTT,ACAAACTG,2025,7,31,Lab notebook section
1,Baym Canadian Striped Bass plate 3,10F,M417,GAAATGTC,GAAGAGGG,2025,7,31,Lab notebook section
1,Baym Canadian Striped Bass plate 3,10G,DEL12_18,CGTACTAG,GATCGGTC,2025,7,31,Lab notebook section
1,Baym Canadian Striped Bass plate 3,10H,CB202,AGGCAGAA,GGATGAAA,2025,7,31,Lab notebook section
1,Baym Canadian Striped Bass plate 3,11A,DEL14_E17,TCCTGAGC,TAGATCGC,2025,7,31,Lab notebook section
1,Baym Canadian Striped Bass plate 3,11B,DEL14_E27,GGACTCCT,TATCCTCT,2025,7,31,Lab notebook section
1,Baym Canadian Striped Bass plate 3,11C,HUD14_E14,TAGGCATG,AGAGTAGA,2025,7,31,Lab notebook section
1,Baym Canadian Striped Bass plate 3,11D,HUD14_E24,CAGAGAGG,GTAAGGAG,2025,7,31,Lab notebook section
1,Baym Canadian Striped Bass plate 3,11E,HUD14_E27,GCTACGCT,ACTGCATA,2025,7,31,Lab notebook section
1,Baym Canadian Striped Bass plate 3,11F,HUD14_E32,CGAGGCTG,AAGGAGTA,2025,7,31,Lab notebook section
1,Baym Canadian Striped Bass plate 3,11G,HUD14_E35,AAGAGGCA,CGTCTAAT,2025,7,31,Lab notebook section
1,Baym Canadian Striped Bass plate 3,11H,HUD14_E38,GTAGAGGA,TCTCTCCG,2025,7,31,Lab notebook section
1,Baym Canadian Striped Bass plate 3,12A,HUD14_E36,GCTCATGA,TCGACTAG,2025,7,31,Lab notebook section
1,Baym Canadian Striped Bass plate 3,12B,HUD14_E26,ATCTCAGG,TTCTAGCT,2025,7,31,Lab notebook section
1,Baym Canadian Striped Bass plate 3,12C,HUD14_E37,ACTCGCTA,CCTAGAGT,2025,7,31,Lab notebook section
1,Baym Canadian Striped Bass plate 3,12D,HUD14_E39,GGAGCTAC,GCGTAAGA,2025,7,31,Lab notebook section
1,Baym Canadian Striped Bass plate 3,12E,KEN45,GCGTAGTA,CTATTAAG,2025,7,31,Lab notebook section
1,Baym Canadian Striped Bass plate 3,12F,KEN46a,CGGAGCCT,AAGGCTAT,2025,7,31,Lab notebook section
1,Baym Canadian Striped Bass plate 3,12G,KEN48,TACGCTGC,GAGCCTTA,2025,7,31,Lab notebook section
1,Baym Canadian Striped Bass plate 3,12H,KEN49,ATGCGCAG,TTATGCGA,2025,7,31,Lab notebook section
2,Baym Canadian Striped Bass plate 4,01A,HUD12_41,GTCAGATA,AGCGGTGG,2025,7,31,Lab notebook section
2,Baym Canadian Striped Bass plate 4,01B,NANTI_A317,TCTCATAT,TATAGATT,2025,7,31,Lab notebook section
2,Baym Canadian Striped Bass plate 4,01C,CF_SB144,TCCATAAG,ACAGAGGC,2025,7,31,Lab notebook section
2,Baym Canadian Striped Bass plate 4,01D,CHOP_A084,CGAGATTA,ATTCCTAT,2025,7,31,Lab notebook section
2,Baym Canadian Striped Bass plate 4,01E,M427,CATCGCGC,CGCCTTCT,2025,7,31,Lab notebook section
2,Baym Canadian Striped Bass plate 4,01F,CHOP_A085,TCAAGGCA,GCGCAGAG,2025,7,31,Lab notebook section
2,Baym Canadian Striped Bass plate 4,01G,SJR113,CTGAGTAG,AGATATGG,2025,7,31,Lab notebook section
2,Baym Canadian Striped Bass plate 4,01H,JR14_12,TCAGACGA,CCTGCTTG,2025,7,31,Lab notebook section
2,Baym Canadian Striped Bass plate 4,02A,ROA14_17,GTATGTTC,GACGAACA,2025,7,31,Lab notebook section
2,Baym Canadian Striped Bass plate 4,02B,POT_A323,AGCGGCAC,TGGCGGTC,2025,7,31,Lab notebook section
2,Baym Canadian Striped Bass plate 4,02C,DEL14_13,GTTACGGC,CTTCAGTT,2025,7,31,Lab notebook section
2,Baym Canadian Striped Bass plate 4,02D,DEL12_14,GAATGGTT,CGCGCCTA,2025,7,31,Lab notebook section
2,Baym Canadian Striped Bass plate 4,02E,CF_SB142,AGGCAACC,AGGCCAGA,2025,7,31,Lab notebook section
2,Baym Canadian Striped Bass plate 4,02F,NANTI_A393,ATCATTAG,CCTTGAAC,2025,7,31,Lab notebook section
2,Baym Canadian Striped Bass plate 4,02G,RAP14_18,TAGGCCGA,TTCATCCA,2025,7,31,Lab notebook section
2,Baym Canadian Striped Bass plate 4,02H,RAP14_17,GGTTGACT,CATAACAC,2025,7,31,Lab notebook section
2,Baym Canadian Striped Bass plate 4,03A,2013BRY03_05,GCCTTGTT,TCCTATTA,2025,7,31,Lab notebook section
2,Baym Canadian Striped Bass plate 4,03B,POT_A320,CTACATAC,CGCGAGCC,2025,7,31,Lab notebook section
2,Baym Canadian Striped Bass plate 4,03C,JR14_07,CCATAGAA,ATTACTCA,2025,7,31,Lab notebook section
2,Baym Canadian Striped Bass plate 4,03D,ROA14_11,AGCATCCA,AATTGGCG,2025,7,31,Lab notebook section
2,Baym Canadian Striped Bass plate 4,03E,M421,CGCACTCT,TTGTCAAC,2025,7,31,Lab notebook section
2,Baym Canadian Striped Bass plate 4,03F,NANTI_A313,GACACGCA,GGCGAATT,2025,7,31,Lab notebook section
2,Baym Canadian Striped Bass plate 4,03G,RAP14_03b,AGTGTATG,CAACGTCA,2025,7,31,Lab notebook section
2,Baym Canadian Striped Bass plate 4,03H,HUD12_42,ATTATACG,TCTTACAT,2025,7,31,Lab notebook section
2,Baym Canadian Striped Bass plate 4,04A,M431,TAACTCGC,CGCCATAC,2025,7,31,Lab notebook section
2,Baym Canadian Striped Bass plate 4,04B,CHOP_A089,CGGCCGTA,CTAATGTC,2025,7,31,Lab notebook section
2,Baym Canadian Striped Bass plate 4,04C,ROA14_12,TAATCGAC,CAACCGGA,2025,7,31,Lab notebook section
2,Baym Canadian Striped Bass plate 4,04D,CHPK12_35,ATCGGCTG,GGCAGTAG,2025,7,31,Lab notebook section
2,Baym Canadian Striped Bass plate 4,04E,POT_A191,TCGGCAAT,TTAGGATA,2025,7,31,Lab notebook section
2,Baym Canadian Striped Bass plate 4,04F,POT_A193,ATCTCGCC,GAGTTGTA,2025,7,31,Lab notebook section
2,Baym Canadian Striped Bass plate 4,04G,CHPK12_34,GCGAGCCA,AACACGTG,2025,7,31,Lab notebook section
2,Baym Canadian Striped Bass plate 4,04H,CF_SB123,TTATTCTA,GTGTTACC,2025,7,31,Lab notebook section
2,Baym Canadian Striped Bass plate 4,05A,ROA14_13,CCTGGATA,TTGACCAA,2025,7,31,Lab notebook section
2,Baym Canadian Striped Bass plate 4,05B,DEL12_42,CACCATGT,CTGACCGG,2025,7,31,Lab notebook section
2,Baym Canadian Striped Bass plate 4,05C,DEL14_11,AATTGTAA,GGACCAAC,2025,7,31,Lab notebook section
2,Baym Canadian Striped Bass plate 4,05D,CF_SB122,GAGGAATA,AATGTATT,2025,7,31,Lab notebook section
2,Baym Canadian Striped Bass plate 4,05E,CHOP_A088,CGCACGAG,GATCTCTG,2025,7,31,Lab notebook section
2,Baym Canadian Striped Bass plate 4,05F,CHOP_A277,TATCCTAA,CAGGCGCC,2025,7,31,Lab notebook section
2,Baym Canadian Striped Bass plate 4,05G,POT_A328,CGCTTCGG,TTAATAGA,2025,7,31,Lab notebook section
2,Baym Canadian Striped Bass plate 4,05H,NANTI_A315,GCTAATCA,GGAGTCGC,2025,7,31,Lab notebook section
2,Baym Canadian Striped Bass plate 4,06A,DEL14_10,CACTGTTA,AACGCCAG,2025,7,31,Lab notebook section
2,Baym Canadian Striped Bass plate 4,06B,POT_A194,TGCGCGGT,ACGAGACT,2025,7,31,Lab notebook section
2,Baym Canadian Striped Bass plate 4,06C,RAP14_13,GCGCGAAC,GTATCGGC,2025,7,31,Lab notebook section
2,Baym Canadian Striped Bass plate 4,06D,RAP14_15,ATGTGTCT,GTTATATG,2025,7,31,Lab notebook section
2,Baym Canadian Striped Bass plate 4,06E,CHPK12_29,CGGAACAA,GCCTGCCA,2025,7,31,Lab notebook section
2,Baym Canadian Striped Bass plate 4,06F,ROA14_16,GAGTACTT,GCCGTCTG,2025,7,31,Lab notebook section
2,Baym Canadian Striped Bass plate 4,06G,JR14_10,TGTACACC,CAGAGTGA,2025,7,31,Lab notebook section
2,Baym Canadian Striped Bass plate 4,06H,NANTI_A391,CATAAGGT,TCAGTTAA,2025,7,31,Lab notebook section
2,Baym Canadian Striped Bass plate 4,07A,NANTI_A318,CTGCAGCG,GTGACCTT,2025,7,31,Lab notebook section
2,Baym Canadian Striped Bass plate 4,07B,NANTI_A316,TGGTATCC,ACATGCAT,2025,7,31,Lab notebook section
2,Baym Canadian Striped Bass plate 4,07C,SJR103,CAAGCCAG,CCATGTGT,2025,7,31,Lab notebook section
2,Baym Canadian Striped Bass plate 4,07D,CF_SB143,TGCCTTAC,GAGTCTCT,2025,7,31,Lab notebook section
2,Baym Canadian Striped Bass plate 4,07E,RAP14_14,TCTACATG,GCTATGCG,2025,7,31,Lab notebook section
2,Baym Canadian Striped Bass plate 4,07F,POT_A192,AGCGTGTA,AGTACCTA,2025,7,31,Lab notebook section
2,Baym Canadian Striped Bass plate 4,07G,ROA14_15,TTCAAGCG,GACCGGAG,2025,7,31,Lab notebook section
2,Baym Canadian Striped Bass plate 4,07H,M411,ATAGATTG,CACGTCCA,2025,7,31,Lab notebook section
2,Baym Canadian Striped Bass plate 4,08A,JR14_08,ATTCCACC,GCTACTAT,2025,7,31,Lab notebook section
2,Baym Canadian Striped Bass plate 4,08B,M409,TCCGTCCA,AGTCAACC,2025,7,31,Lab notebook section
2,Baym Canadian Striped Bass plate 4,08C,NANTI_A392,CCGGTCAG,CGAGGCGG,2025,7,31,Lab notebook section
2,Baym Canadian Striped Bass plate 4,08D,M406,CTCAATTC,CAGGTGTT,2025,7,31,Lab notebook section
2,Baym Canadian Striped Bass plate 4,08E,RAP14_16,AATGGAGA,TGTACTTG,2025,7,31,Lab notebook section
2,Baym Canadian Striped Bass plate 4,08F,RAP14_12,ATGCATGT,CTCTAAGT,2025,7,31,Lab notebook section
2,Baym Canadian Striped Bass plate 4,08G,NANTI_A398,GGCGCCTG,GTCACCAC,2025,7,31,Lab notebook section
2,Baym Canadian Striped Bass plate 4,08H,CHOP_A087,CGTTATGT,TGGTGAGT,2025,7,31,Lab notebook section
2,Baym Canadian Striped Bass plate 4,09A,HUD12_37,GCAATCGT,CTTCGAAG,2025,7,31,Lab notebook section
2,Baym Canadian Striped Bass plate 4,09B,JR14_11,ACGCAATA,GTAGAGTC,2025,7,31,Lab notebook section
2,Baym Canadian Striped Bass plate 4,09C,CHOP_A282,TACTCATG,GACATTGT,2025,7,31,Lab notebook section
2,Baym Canadian Striped Bass plate 4,09D,CHOP_A086,TAGAATTA,CGCTTGAA,2025,7,31,Lab notebook section
2,Baym Canadian Striped Bass plate 4,09E,CHOP_A090,ATTAGCGT,CAGCGGAC,2025,7,31,Lab notebook section
2,Baym Canadian Striped Bass plate 4,09F,CF_SB141,TAACAAGG,GACGTTCG,2025,7,31,Lab notebook section
2,Baym Canadian Striped Bass plate 4,09G,JR14_06,ATGGCTAC,CACGGATT,2025,7,31,Lab notebook section
2,Baym Canadian Striped Bass plate 4,09H,DEL12_15,GAATTGGA,TTGAGGAC,2025,7,31,Lab notebook section
2,Baym Canadian Striped Bass plate 4,10A,M405,CGGCGAAG,GCAACAGG,2025,7,31,Lab notebook section
2,Baym Canadian Striped Bass plate 4,10B,JR14_04,GTGACCGA,ACCGCGCA,2025,7,31,Lab notebook section
2,Baym Canadian Striped Bass plate 4,10C,DEL14_09,ACTTGTTC,AGCCGGAA,2025,7,31,Lab notebook section
2,Baym Canadian Striped Bass plate 4,10D,M425,TACAGGAA,CCTCGCAA,2025,7,31,Lab notebook section
2,Baym Canadian Striped Bass plate 4,10E,POT_A321,TGACGTTG,TAGGAGCG,2025,7,31,Lab notebook section
2,Baym Canadian Striped Bass plate 4,10F,CF_SB145,AATAACCG,AGTTAAGA,2025,7,31,Lab notebook section
2,Baym Canadian Striped Bass plate 4,10G,CF_SB124,AGCCAAGA,GAGTGTGC,2025,7,31,Lab notebook section
2,Baym Canadian Striped Bass plate 4,10H,JR14_05,CGGTGTGA,ATTAATAC,2025,7,31,Lab notebook section
2,Baym Canadian Striped Bass plate 4,11A,DEL14_12,GTAACGTT,TAGGAAGA,2025,7,31,Lab notebook section
2,Baym Canadian Striped Bass plate 4,11B,ROA14_14,CGAGGCCG,CCGTGGCC,2025,7,31,Lab notebook section
2,Baym Canadian Striped Bass plate 4,11C,SJR106,GCCTCTGT,GGATATAT,2025,7,31,Lab notebook section
2,Baym Canadian Striped Bass plate 4,11D,DEL14_T3,GGTTCCTA,CACCTCTT,2025,7,31,Lab notebook section
2,Baym Canadian Striped Bass plate 4,11E,DEL14_E38,ATACCTAT,AACGTTAC,2025,7,31,Lab notebook section
2,Baym Canadian Striped Bass plate 4,11F,DEL14_E40,CGTGAAGG,CGGCAAGC,2025,7,31,Lab notebook section
2,Baym Canadian Striped Bass plate 4,11G,HUD14_E2,TATTGGCC,TCTTGGCT,2025,7,31,Lab notebook section
2,Baym Canadian Striped Bass plate 4,11H,HUD14_E1,TCCAATTG,ACGGAATG,2025,7,31,Lab notebook section
2,Baym Canadian Striped Bass plate 4,12A,HUD14_E3,CAGCAATT,GTTCCGCA,2025,7,31,Lab notebook section
2,Baym Canadian Striped Bass plate 4,12B,KEN50,GCGTATAG,ACCAAGTT,2025,7,31,Lab notebook section
2,Baym Canadian Striped Bass plate 4,12C,CB20,GAGAATAC,AACTAACG,2025,7,31,Lab notebook section
2,Baym Canadian Striped Bass plate 4,12D,CB206,CAGCGGTC,AGAGCACT,2025,7,31,Lab notebook section
2,Baym Canadian Striped Bass plate 4,12E,CB12,TCGGAGTT,ACTCTACA,2025,7,31,Lab notebook section
2,Baym Canadian Striped Bass plate 4,12F,ROA_SB128,AATATTCA,GCGTTGGT,2025,7,31,Lab notebook section
2,Baym Canadian Striped Bass plate 4,12G,ROA_SB160,ATGCGGTT,TGTGCTAA,2025,7,31,Lab notebook section
2,Baym Canadian Striped Bass plate 4,12H,ROA_SB138,GACGGAGC,CTTATACC,2025,7,31,Lab notebook section
2,Baym Canadian Striped Bass plate 5,01A,CF_SB151,TTCCATCT,TATCATGA,2025,7,31,Lab notebook section
2,Baym Canadian Striped Bass plate 5,01B,DEL12_34,AACGGTGT,CTCACACA,2025,7,31,Lab notebook section
2,Baym Canadian Striped Bass plate 5,01C,POT_A325,TTGTTATC,GAATTGAG,2025,7,31,Lab notebook section
2,Baym Canadian Striped Bass plate 5,01D,NANT_A95,TATGCGAT,CGGATTAT,2025,7,31,Lab notebook section
2,Baym Canadian Striped Bass plate 5,01E,CHOP_A55,TGACAATC,TTGAAGCA,2025,7,31,Lab notebook section
2,Baym Canadian Striped Bass plate 5,01F,CHOP_A281,GTTGTTGG,TACGGCGA,2025,7,31,Lab notebook section
2,Baym Canadian Striped Bass plate 5,01G,DEL12_37,GCGTTCGC,TCTCCATT,2025,7,31,Lab notebook section
2,Baym Canadian Striped Bass plate 5,01H,CF_SB147,CCACCGCT,CGAGACCA,2025,7,31,Lab notebook section
2,Baym Canadian Striped Bass plate 5,02A,CHPK12_14,TGTTCGTC,TGCTGGAC,2025,7,31,Lab notebook section
2,Baym Canadian Striped Bass plate 5,02B,DEL12_36,CGAATATA,GATGGTAT,2025,7,31,Lab notebook section
2,Baym Canadian Striped Bass plate 5,02C,CHOP_A58,TCGTCGCG,GGCTTAAT,2025,7,31,Lab notebook section
2,Baym Canadian Striped Bass plate 5,02D,CF_SB153,TCCGAGGC,CTCGACTC,2025,7,31,Lab notebook section
2,Baym Canadian Striped Bass plate 5,02E,NANT_A93,CTGTCTCA,TCTCGGAC,2025,7,31,Lab notebook section
2,Baym Canadian Striped Bass plate 5,02F,CF_SB114,TGCGAACA,AGTCCGAG,2025,7,31,Lab notebook section
2,Baym Canadian Striped Bass plate 5,02G,NANT_A98,TTCTTGGA,TACTCTGT,2025,7,31,Lab notebook section
2,Baym Canadian Striped Bass plate 5,02H,JR14_40,CCTACAGC,GCGACTCG,2025,7,31,Lab notebook section
2,Baym Canadian Striped Bass plate 5,03A,CHOP_A278,CCAGGTAT,CTAGGCAA,2025,7,31,Lab notebook section
2,Baym Canadian Striped Bass plate 5,03B,HUD12_46,GGTCCAAC,TCATCCTC,2025,7,31,Lab notebook section
2,Baym Canadian Striped Bass plate 5,03C,CHOP_A57,AACTTGGT,GGTAAGAT,2025,7,31,Lab notebook section
2,Baym Canadian Striped Bass plate 5,03D,HUD12_43,CGCCACAC,TAGACAAT,2025,7,31,Lab notebook section
2,Baym Canadian Striped Bass plate 5,03E,CHOP_A280,CTACTGCC,CAATGCTG,2025,7,31,Lab notebook section
2,Baym Canadian Striped Bass plate 5,03F,RAP14_19,CCTTAATC,GTCACGGT,2025,7,31,Lab notebook section
2,Baym Canadian Striped Bass plate 5,03G,JR14_25,CACGAGAC,GGTGTACA,2025,7,31,Lab notebook section
2,Baym Canadian Striped Bass plate 5,03H,CHPK12_15,CTGGTTGT,TAATACGG,2025,7,31,Lab notebook section
2,Baym Canadian Striped Bass plate 5,04A,ROA14_21,ATTCTGCT,CGAAGACG,2025,7,31,Lab notebook section
2,Baym Canadian Striped Bass plate 5,04B,JR14_29,CACGACTG,TCTCACGC,2025,7,31,Lab notebook section
2,Baym Canadian Striped Bass plate 5,04C,JR14_41,GGTTAGAC,TCGAATGG,2025,7,31,Lab notebook section
2,Baym Canadian Striped Bass plate 5,04D,CF_SB148,CCGAGTTC,TGAACGCA,2025,7,31,Lab notebook section
2,Baym Canadian Striped Bass plate 5,04E,DEL12_43,TGATAACT,CCGCTTAG,2025,7,31,Lab notebook section
2,Baym Canadian Striped Bass plate 5,04F,CF_SB149,CTCGGACT,CACCGAGG,2025,7,31,Lab notebook section
2,Baym Canadian Striped Bass plate 5,04G,POT_A168,GGAACTGT,ATTCATTG,2025,7,31,Lab notebook section
2,Baym Canadian Striped Bass plate 5,04H,JR14_42,TCGGATAA,TCATGTCC,2025,7,31,Lab notebook section
2,Baym Canadian Striped Bass plate 5,05A,JR14_23,TAGACTAT,AATTCGAT,2025,7,31,Lab notebook section
2,Baym Canadian Striped Bass plate 5,05B,ROA14_08,TACCGCAC,AGCTCTCA,2025,7,31,Lab notebook section
2,Baym Canadian Striped Bass plate 5,05C,CHOP_A283,AGGATATC,TCTGGAAT,2025,7,31,Lab notebook section
2,Baym Canadian Striped Bass plate 5,05D,CHPK12_24,ATACGCGA,ATTAGTGG,2025,7,31,Lab notebook section
2,Baym Canadian Striped Bass plate 5,05E,M432,CTTAGAAT,CGTTCGGA,2025,7,31,Lab notebook section
2,Baym Canadian Striped Bass plate 5,05F,DEL12_44,GAAGCGCT,TGGTATAC,2025,7,31,Lab notebook section
2,Baym Canadian Striped Bass plate 5,05G,HUD12_44,CTATCAAC,GCTCTCGT,2025,7,31,Lab notebook section
2,Baym Canadian Striped Bass plate 5,05H,JR14_27,GTTCGGTA,CTGTGAGC,2025,7,31,Lab notebook section
2,Baym Canadian Striped Bass plate 5,06A,NANT_A99,GCATAACC,TCACAGAT,2025,7,31,Lab notebook section
2,Baym Canadian Striped Bass plate 5,06B,CF_SB154,GTGGAAGC,AGAAGCCA,2025,7,31,Lab notebook section
2,Baym Canadian Striped Bass plate 5,06C,ROA14_19,CCATATCT,AACATCTA,2025,7,31,Lab notebook section
2,Baym Canadian Striped Bass plate 5,06D,DEL12_35,TTCATATT,CCTTACTA,2025,7,31,Lab notebook section
2,Baym Canadian Striped Bass plate 5,06E,DEL12_33,GGTATCTG,GTGGCGAG,2025,7,31,Lab notebook section
2,Baym Canadian Striped Bass plate 5,06F,NANTI_A397,ACGGCCGT,GCCAGATC,2025,7,31,Lab notebook section
2,Baym Canadian Striped Bass plate 5,06G,CF_SB146,GTAATTAC,ACACAATA,2025,7,31,Lab notebook section
2,Baym Canadian Striped Bass plate 5,06H,RAP14_21,CCACTAAT,CCTTCACG,2025,7,31,Lab notebook section
2,Baym Canadian Striped Bass plate 5,07A,NANTI_A396,AGTTAGCA,TTATGCGC,2025,7,31,Lab notebook section
2,Baym Canadian Striped Bass plate 5,07B,NANTI_A399,AGGTCTTA,TCTCAGTA,2025,7,31,Lab notebook section
2,Baym Canadian Striped Bass plate 5,07C,POT_A2,AACGCGGA,AGTATACG,2025,7,31,Lab notebook section
2,Baym Canadian Striped Bass plate 5,07D,POT_A167,TGCAACCT,TACACGCT,2025,7,31,Lab notebook section
2,Baym Canadian Striped Bass plate 5,07E,POT_A324,CATGGTTC,TCCGATAG,2025,7,31,Lab notebook section
2,Baym Canadian Striped Bass plate 5,07F,ROA14_20,CTAGACCA,CTCAAGGC,2025,7,31,Lab notebook section
2,Baym Canadian Striped Bass plate 5,07G,SJR120,GGCGTGCC,TTCCGCAA,2025,7,31,Lab notebook section
2,Baym Canadian Striped Bass plate 5,07H,RAP14_31,GTCCAGCA,CCTGAACC,2025,7,31,Lab notebook section
2,Baym Canadian Striped Bass plate 5,08A,M407,GTATTAAT,GAGATAAC,2025,7,31,Lab notebook section
2,Baym Canadian Striped Bass plate 5,08B,RAP14_28,TGTGACTA,ATGCACCT,2025,7,31,Lab notebook section
2,Baym Canadian Striped Bass plate 5,08C,DEL12_40,GCATCTTG,TACTGCAG,2025,7,31,Lab notebook section
2,Baym Canadian Striped Bass plate 5,08D,POT_A329,AGTCTCGT,GTTCACAA,2025,7,31,Lab notebook section
2,Baym Canadian Striped Bass plate 5,08E,CHOP_A60,CGCCATTG,GGCTCTTG,2025,7,31,Lab notebook section
2,Baym Canadian Striped Bass plate 5,08F,RAP14_30,CGAATTAG,AGACGCTG,2025,7,31,Lab notebook section
2,Baym Canadian Striped Bass plate 5,08G,ROA14_09,AGACCATG,CGTAATAG,2025,7,31,Lab notebook section
2,Baym Canadian Striped Bass plate 5,08H,DEL12_39,CACAGTAT,ACGCTGTC,2025,7,31,Lab notebook section
2,Baym Canadian Striped Bass plate 5,09A,NANTI_A395,TTGTCGGC,CACTCTCC,2025,7,31,Lab notebook section
2,Baym Canadian Striped Bass plate 5,09B,POT_A164,GTTATATC,CGCTTCTG,2025,7,31,Lab notebook section
2,Baym Canadian Striped Bass plate 5,09C,POT_A327,ACCGGCGA,GGTGTCTT,2025,7,31,Lab notebook section
2,Baym Canadian Striped Bass plate 5,09D,ROA14_18,GAGAGTCT,GAATTCTC,2025,7,31,Lab notebook section
2,Baym Canadian Striped Bass plate 5,09E,ROA14_22,TATGTCTC,GCACTAGA,2025,7,31,Lab notebook section
2,Baym Canadian Striped Bass plate 5,09F,RAP14_24,AATGATAC,TCCACCTT,2025,7,31,Lab notebook section
2,Baym Canadian Striped Bass plate 5,09G,CHOP_A279,CTAAGCGG,TTGAGTCT,2025,7,31,Lab notebook section
2,Baym Canadian Striped Bass plate 5,09H,RAP14_27,ATCTGTGA,TTCGTTGT,2025,7,31,Lab notebook section
2,Baym Canadian Striped Bass plate 5,10A,POT_A326,GGACAAGT,TTGGTCAC,2025,7,31,Lab notebook section
2,Baym Canadian Striped Bass plate 5,10B,CF_SB113,ATTAAGTG,AGACTTAG,2025,7,31,Lab notebook section
2,Baym Canadian Striped Bass plate 5,10C,NANT_A94,CTGGAATG,ATATGGGA,2025,7,31,Lab notebook section
2,Baym Canadian Striped Bass plate 5,10D,RAP14_23,ATAACGAG,ATTGTCCA,2025,7,31,Lab notebook section
2,Baym Canadian Striped Bass plate 5,10E,JR14_30,TGGCTTCT,ACAAACTG,2025,7,31,Lab notebook section
2,Baym Canadian Striped Bass plate 5,10F,JR14_22,ACCGATTA,GAAGAGGG,2025,7,31,Lab notebook section
2,Baym Canadian Striped Bass plate 5,10G,2013R_BRY01_01,TGGTCCGG,GATCGGTC,2025,7,31,Lab notebook section
2,Baym Canadian Striped Bass plate 5,10H,ROA_SB128b,TCTAAGTC,GGATGAAA,2025,7,31,Lab notebook section
2,Baym Canadian Striped Bass plate 5,11A,ROA_SB160b,GTGCATTC,TAGATCGC,2025,7,31,Lab notebook section
2,Baym Canadian Striped Bass plate 5,11B,ROA_SB138b,GATACACG,TATCCTCT,2025,7,31,Lab notebook section
2,Baym Canadian Striped Bass plate 5,11C,ROA_SB161,CAATGAAT,AGAGTAGA,2025,7,31,Lab notebook section
2,Baym Canadian Striped Bass plate 5,11D,ROA_SB135,GAGTCGAG,GTAAGGAG,2025,7,31,Lab notebook section
2,Baym Canadian Striped Bass plate 5,11E,ROA_SB159,ACGAGAGC,ACTGCATA,2025,7,31,Lab notebook section
2,Baym Canadian Striped Bass plate 5,11F,ROA_SB134,TGAGGTCC,AAGGAGTA,2025,7,31,Lab notebook section
2,Baym Canadian Striped Bass plate 5,11G,ROA_SB137,AGAGACTC,CGTCTAAT,2025,7,31,Lab notebook section
2,Baym Canadian Striped Bass plate 5,11H,ROA_SB136,GCTCCGTT,TCTCTCCG,2025,7,31,Lab notebook section
2,Baym Canadian Striped Bass plate 5,12A,HUD14_E36b,ACATCACA,TCGACTAG,2025,7,31,Lab notebook section
2,Baym Canadian Striped Bass plate 5,12B,neg1,AAGACAAG,TTCTAGCT,2025,7,31,Lab notebook section
2,Baym Canadian Striped Bass plate 5,12C,neg2,CTCGTGCA,CCTAGAGT,2025,7,31,Lab notebook section
2,Baym Canadian Striped Bass plate 5,12D,neg3,AATAGCAC,GCGTAAGA,2025,7,31,Lab notebook section
2,Baym Canadian Striped Bass plate 5,12E,neg4,CACTAAGG,CTATTAAG,2025,7,31,Lab notebook section
2,Baym Canadian Striped Bass plate 5,12F,neg5,GTCGGCAT,AAGGCTAT,2025,7,31,Lab notebook section
2,Baym Canadian Striped Bass plate 5,12G,neg6,GACGCTAG,GAGCCTTA,2025,7,31,Lab notebook section
2,Baym Canadian Striped Bass plate 5,12H,neg7,CGTAGGCA,TTATGCGA,2025,7,31,Lab notebook section
2,Baym Canadian Striped Bass plate 6,01A,MIR8,GTTCTAGT,CTACAAGA,2025,7,31,Lab notebook section
2,Baym Canadian Striped Bass plate 6,01B,MIR9,AAGAGGTG,TATAGTAG,2025,7,31,Lab notebook section
2,Baym Canadian Striped Bass plate 6,01C,MIR10,GATCTGGC,TGCCTGGT,2025,7,31,Lab notebook section
2,Baym Canadian Striped Bass plate 6,01D,MIR11,GAATCCAA,ACATTATC,2025,7,31,Lab notebook section
2,Baym Canadian Striped Bass plate 6,01E,MIR12,CGGCTAGT,GTCCACTT,2025,7,31,Lab notebook section
2,Baym Canadian Striped Bass plate 6,01F,MIR13,GCTTGCCG,GTTGATAG,2025,7,31,Lab notebook section
2,Baym Canadian Striped Bass plate 6,01G,MIR14,CCTGTTGC,ACCAGCGA,2025,7,31,Lab notebook section
2,Baym Canadian Striped Bass plate 6,01H,MIR15,TGACTGGT,CATACACT,2025,7,31,Lab notebook section
2,Baym Canadian Striped Bass plate 6,02A,MIR16,GATTCCGG,GTGTGGCG,2025,7,31,Lab notebook section
2,Baym Canadian Striped Bass plate 6,02B,MIR17,TAAGGTGG,ATCACGAA,2025,7,31,Lab notebook section
2,Baym Canadian Striped Bass plate 6,02C,MIR18,ACTGCAAC,CGGCTCTA,2025,7,31,Lab notebook section
2,Baym Canadian Striped Bass plate 6,02D,MIR19,AACGCACC,TCGGCAGC,2025,7,31,Lab notebook section
2,Baym Canadian Striped Bass plate 6,02E,MIR20,TTACGCCG,GGCCTGTC,2025,7,31,Lab notebook section
2,Baym Canadian Striped Bass plate 6,02F,MIR21,CTGATGTC,CTGTGTTA,2025,7,31,Lab notebook section
2,Baym Canadian Striped Bass plate 6,02G,MIR22,AGGAGGAA,TAAGGAAC,2025,7,31,Lab notebook section
2,Baym Canadian Striped Bass plate 6,02H,MIR23,CTTACACA,AATAGAGC,2025,7,31,Lab notebook section
2,Baym Canadian Striped Bass plate 6,03A,MIR24,TGGACGCA,TCCGACCT,2025,7,31,Lab notebook section
2,Baym Canadian Striped Bass plate 6,03B,MIR25,ACGCACCT,CTTATGGA,2025,7,31,Lab notebook section
2,Baym Canadian Striped Bass plate 6,03C,MIR26,CTGGCCAA,GCTTACGG,2025,7,31,Lab notebook section
2,Baym Canadian Striped Bass plate 6,03D,MIR27,TCTGGCCT,GAACATAC,2025,7,31,Lab notebook section
2,Baym Canadian Striped Bass plate 6,03E,MIR28,TTAATGCT,GTCGATTA,2025,7,31,Lab notebook section
2,Baym Canadian Striped Bass plate 6,03F,MIR29,TGAGTAAT,ACTAGCCG,2025,7,31,Lab notebook section
2,Baym Canadian Striped Bass plate 6,03G,MIR30,CTCTGCGC,TGGCAATA,2025,7,31,Lab notebook section
2,Baym Canadian Striped Bass plate 6,03H,MIR31,GTATGGCG,TACCATCC,2025,7,31,Lab notebook section
2,Baym Canadian Striped Bass plate 6,04A,MIR32,CATATAAC,GCTGTAGG,2025,7,31,Lab notebook section
2,Baym Canadian Striped Bass plate 6,04B,MIR33,TGCGAGTG,CGCACTAA,2025,7,31,Lab notebook section
2,Baym Canadian Striped Bass plate 6,04C,MIR34,GAGCCGGT,AGTGGTCA,2025,7,31,Lab notebook section
2,Baym Canadian Striped Bass plate 6,04D,MIR35,CGGTCTAT,TTCTATGG,2025,7,31,Lab notebook section
2,Baym Canadian Striped Bass plate 6,04E,MIR36,TCAACCAC,AATCCGGC,2025,7,31,Lab notebook section
2,Baym Canadian Striped Bass plate 6,04F,MIR37,TATTCAGT,CCATAAGG,2025,7,31,Lab notebook section
2,Baym Canadian Striped Bass plate 6,04G,MIR38,ATTATGGA,CTGGTACA,2025,7,31,Lab notebook section
2,Baym Canadian Striped Bass plate 6,04H,MIR39,TGGTTAAG,TCAACGTG,2025,7,31,Lab notebook section
2,Baym Canadian Striped Bass plate 6,05A,SAC_ENV5,CAGTTCTG,ACTGTTGT,2025,7,31,Lab notebook section
2,Baym Canadian Striped Bass plate 6,05B,SAC_ENV21,TGAACCTG,AGCACATC,2025,7,31,Lab notebook section
2,Baym Canadian Striped Bass plate 6,05C,SAC_ENV54,AACCTTGG,TTCCGTCG,2025,7,31,Lab notebook section
2,Baym Canadian Striped Bass plate 6,05D,P173,TTCTCTCG,CTTAACCA,2025,7,31,Lab notebook section
2,Baym Canadian Striped Bass plate 6,05E,KEN10,ACATTGCG,GCCTCGGA,2025,7,31,Lab notebook section
2,Baym Canadian Striped Bass plate 6,05F,KEN24,GGTCTTAG,ATAGACCG,2025,7,31,Lab notebook section
2,Baym Canadian Striped Bass plate 6,05G,KEN34,GGATGTAG,ACAGTTCC,2025,7,31,Lab notebook section
2,Baym Canadian Striped Bass plate 6,05H,KEN46b,TGAGCTAG,AGGCATGT,2025,7,31,Lab notebook section
2,Baym Canadian Striped Bass plate 6,06A,KEN46c,TTGGTGAG,TTGGCTCC,2025,7,31,Lab notebook section
2,Baym Canadian Striped Bass plate 6,06B,A113,TATGGCAG,TTACAATT,2025,7,31,Lab notebook section
2,Baym Canadian Striped Bass plate 6,06C,A114,GCTGTAAG,AACCTAGC,2025,7,31,Lab notebook section
2,Baym Canadian Striped Bass plate 6,06D,A115,TAGAGCTC,GGAATTCC,2025,7,31,Lab notebook section
2,Baym Canadian Striped Bass plate 6,06E,A116,GCAAGATC,AAGCGCGC,2025,7,31,Lab notebook section
2,Baym Canadian Striped Bass plate 6,06F,A117,ACATAGGC,TGAGCGTT,2025,7,31,Lab notebook section
2,Baym Canadian Striped Bass plate 6,06G,A118,AAGAAGGC,ATCATAGG,2025,7,31,Lab notebook section
2,Baym Canadian Striped Bass plate 6,06H,A119,GACATTCC,TGTTAGAA,2025,7,31,Lab notebook section
2,Baym Canadian Striped Bass plate 6,07A,A120,GGAAGCTA,GATGGATG,2025,7,31,Lab notebook section
2,Baym Canadian Striped Bass plate 6,07B,A121,GTGCCATA,ACGGCCGT,2025,7,31,Lab notebook section
2,Baym Canadian Striped Bass plate 6,07C,A122,CTAGGTGA,CGTTGCTT,2025,7,31,Lab notebook section
2,Baym Canadian Striped Bass plate 6,07D,A123,CTCCTAGA,TGACTACA,2025,7,31,Lab notebook section
2,Baym Canadian Striped Bass plate 6,07E,A124,CCGTAAGA,CGGCCTCG,2025,7,31,Lab notebook section
2,Baym Canadian Striped Bass plate 6,07F,A125,GCACGTAA,CAAGCATC,2025,7,31,Lab notebook section
2,Baym Canadian Striped Bass plate 6,07G,A126,ACCTGGAA,TCGTCTGA,2025,7,31,Lab notebook section
2,Baym Canadian Striped Bass plate 6,07H,A127,CGTTGCAA,AGACACAT,2025,7,31,Lab notebook section
2,Baym Canadian Striped Bass plate 6,08A,A128,TGCACCAA,GCGCGATG,2025,7,31,Lab notebook section
2,Baym Canadian Striped Bass plate 6,08B,A129,ATATACGG,GATACCTC,2025,7,31,Lab notebook section
2,Baym Canadian Striped Bass plate 6,08C,A130,CATTCGGC,GAACCATG,2025,7,31,Lab notebook section
2,Baym Canadian Striped Bass plate 6,08D,A131,AACCGGAG,GGCCATCA,2025,7,31,Lab notebook section
2,Baym Canadian Striped Bass plate 6,08E,A132,GAAGTTCG,TATGTGCA,2025,7,31,Lab notebook section
2,Baym Canadian Striped Bass plate 6,08F,A133,GACAGCGT,ATGTAGAC,2025,7,31,Lab notebook section
2,Baym Canadian Striped Bass plate 6,08G,A134,ACTTACAG,CACATCGG,2025,7,31,Lab notebook section
2,Baym Canadian Striped Bass plate 6,08H,A135,GTACCTGA,TTAAGTTG,2025,7,31,Lab notebook section
2,Baym Canadian Striped Bass plate 6,09A,A136,CGTCGGAT,CGGACAGT,2025,7,31,Lab notebook section
2,Baym Canadian Striped Bass plate 6,09B,A137,GGCTACGT,TCCACGGC,2025,7,31,Lab notebook section
2,Baym Canadian Striped Bass plate 6,09C,A138,GTTCGTCT,TGTGATGT,2025,7,31,Lab notebook section
2,Baym Canadian Striped Bass plate 6,09D,A139,GGTGTGGA,GAGCGCAA,2025,7,31,Lab notebook section
2,Baym Canadian Striped Bass plate 6,09E,A140,GCTGATTC,ATCTTACT,2025,7,31,Lab notebook section
2,Baym Canadian Striped Bass plate 6,09F,A141,AGCCGTTA,ATGTCGTG,2025,7,31,Lab notebook section
2,Baym Canadian Striped Bass plate 6,09G,A142,ATATCCTC,GTAGCCAT,2025,7,31,Lab notebook section
2,Baym Canadian Striped Bass plate 6,09H,A143,ACAATCTC,TGGTTAAG,2025,7,31,Lab notebook section
2,Baym Canadian Striped Bass plate 6,10A,A144,AGACTCAA,TGTTGTTC,2025,7,31,Lab notebook section
2,Baym Canadian Striped Bass plate 6,10B,A145,CACACTGC,CCAACAAC,2025,7,31,Lab notebook section
2,Baym Canadian Striped Bass plate 6,10C,neg8,TCTCACGG,ACCGGCTC,2025,7,31,Lab notebook section
2,Baym Canadian Striped Bass plate 6,10D,neg9,TACCCTTT,GTTAATCT,2025,7,31,Lab notebook section
