plate,well,Specimen ID,i7,i5,i7 recheck,i5 recheck,i7 match,i5 match
2025-07-17 plate 2,01A,2022001,GTCAGATA,CTACAAGA,GTCAGATA,CTACAAGA,.,.
2025-07-17 plate 2,01B,2022002,TCTCATAT,TATAGTAG,TCTCATAT,TATAGTAG,.,.
2025-07-17 plate 2,01C,2022003,TCCATAAG,TGCCTGGT,TCCATAAG,TGCCTGGT,.,.
2025-07-17 plate 2,01D,2022004,CGAGATTA,ACATTATC,CGAGATTA,ACATTATC,.,.
2025-07-17 plate 2,01E,2022005,CATCGCGC,GTCCACTT,CATCGCGC,GTCCACTT,.,.
2025-07-17 plate 2,01F,2022006,TCAAGGCA,GTTGATAG,TCAAGGCA,GTTGATAG,.,.
2025-07-17 plate 2,01G,2022007,CTGAGTAG,ACCAGCGA,CTGAGTAG,ACCAGCGA,.,.
2025-07-17 plate 2,01H,2022008,TCAGACGA,CATACACT,TCAGACGA,CATACACT,.,.
2025-07-17 plate 2,02A,2022009,GTATGTTC,GTGTGGCG,GTATGTTC,GTGTGGCG,.,.
2025-07-17 plate 2,02B,2022010,AGCGGCAC,ATCACGAA,AGCGGCAC,ATCACGAA,.,.
2025-07-17 plate 2,02C,2022011,GTTACGGC,CGGCTCTA,GTTACGGC,CGGCTCTA,.,.
2025-07-17 plate 2,02D,2022012,GAATGGTT,TCGGCAGC,GAATGGTT,TCGGCAGC,.,.
2025-07-17 plate 2,02E,2022013,AGGCAACC,GGCCTGTC,AGGCAACC,GGCCTGTC,.,.
2025-07-17 plate 2,02F,2022014,ATCATTAG,CTGTGTTA,ATCATTAG,CTGTGTTA,.,.
2025-07-17 plate 2,02G,2022015,TAGGCCGA,TAAGGAAC,TAGGCCGA,TAAGGAAC,.,.
2025-07-17 plate 2,02H,2022016,GGTTGACT,AATAGAGC,GGTTGACT,AATAGAGC,.,.
2025-07-17 plate 2,03A,2022017,GCCTTGTT,TCCGACCT,GCCTTGTT,TCCGACCT,.,.
2025-07-17 plate 2,03B,2022018,CTACATAC,CTTATGGA,CTACATAC,CTTATGGA,.,.
2025-07-17 plate 2,03C,2022019,CCATAGAA,GCTTACGG,CCATAGAA,GCTTACGG,.,.
2025-07-17 plate 2,03D,2022020,AGCATCCA,GAACATAC,AGCATCCA,GAACATAC,.,.
2025-07-17 plate 2,03E,2022021,CGCACTCT,GTCGATTA,CGCACTCT,GTCGATTA,.,.
2025-07-17 plate 2,03F,2022022,GACACGCA,ACTAGCCG,GACACGCA,ACTAGCCG,.,.
2025-07-17 plate 2,03G,2022023,AGTGTATG,TGGCAATA,AGTGTATG,TGGCAATA,.,.
2025-07-17 plate 2,03H,2022024,ATTATACG,TACCATCC,ATTATACG,TACCATCC,.,.
2025-07-17 plate 2,04A,2022025,TAACTCGC,GCTGTAGG,TAACTCGC,GCTGTAGG,.,.
2025-07-17 plate 2,04B,2022026,CGGCCGTA,CGCACTAA,CGGCCGTA,CGCACTAA,.,.
2025-07-17 plate 2,04C,2022027,TAATCGAC,AGTGGTCA,TAATCGAC,AGTGGTCA,.,.
2025-07-17 plate 2,04D,2022028,ATCGGCTG,TTCTATGG,ATCGGCTG,TTCTATGG,.,.
2025-07-17 plate 2,04E,2022029,TCGGCAAT,AATCCGGC,TCGGCAAT,AATCCGGC,.,.
2025-07-17 plate 2,04F,2022030,ATCTCGCC,CCATAAGG,ATCTCGCC,CCATAAGG,.,.
2025-07-17 plate 2,04G,2022031,GCGAGCCA,CTGGTACA,GCGAGCCA,CTGGTACA,.,.
2025-07-17 plate 2,04H,2022032,TTATTCTA,TCAACGTG,TTATTCTA,TCAACGTG,.,.
2025-07-17 plate 2,05A,2022033,CCTGGATA,ACTGTTGT,CCTGGATA,ACTGTTGT,.,.
2025-07-17 plate 2,05B,2022034,CACCATGT,AGCACATC,CACCATGT,AGCACATC,.,.
2025-07-17 plate 2,05C,2022035,AATTGTAA,TTCCGTCG,AATTGTAA,TTCCGTCG,.,.
2025-07-17 plate 2,05D,2022036,GAGGAATA,CTTAACCA,GAGGAATA,CTTAACCA,.,.
2025-07-17 plate 2,05E,2022037,CGCACGAG,GCCTCGGA,CGCACGAG,GCCTCGGA,.,.
2025-07-17 plate 2,05F,2022038,TATCCTAA,ATAGACCG,TATCCTAA,ATAGACCG,.,.
2025-07-17 plate 2,05G,2022039,CGCTTCGG,ACAGTTCC,CGCTTCGG,ACAGTTCC,.,.
2025-07-17 plate 2,05H,2022040,GCTAATCA,AGGCATGT,GCTAATCA,AGGCATGT,.,.
2025-07-17 plate 2,06A,2022041,CACTGTTA,TTGGCTCC,CACTGTTA,TTGGCTCC,.,.
2025-07-17 plate 2,06B,2022042,TGCGCGGT,TTACAATT,TGCGCGGT,TTACAATT,.,.
2025-07-17 plate 2,06C,2022043,GCGCGAAC,AACCTAGC,GCGCGAAC,AACCTAGC,.,.
2025-07-17 plate 2,06D,2022044,ATGTGTCT,GGAATTCC,ATGTGTCT,GGAATTCC,.,.
2025-07-17 plate 2,06E,2022045,CGGAACAA,AAGCGCGC,CGGAACAA,AAGCGCGC,.,.
2025-07-17 plate 2,06F,2022046,GAGTACTT,TGAGCGTT,GAGTACTT,TGAGCGTT,.,.
2025-07-17 plate 2,06G,2022047,TGTACACC,ATCATAGG,TGTACACC,ATCATAGG,.,.
2025-07-17 plate 2,06H,2022048,CATAAGGT,TGTTAGAA,CATAAGGT,TGTTAGAA,.,.
2025-07-17 plate 2,07A,2022049,CTGCAGCG,GATGGATG,CTGCAGCG,GATGGATG,.,.
2025-07-17 plate 2,07B,2022050,TGGTATCC,ACGGCCGT,TGGTATCC,ACGGCCGT,.,.
2025-07-17 plate 2,07C,2022051,CAAGCCAG,CGTTGCTT,CAAGCCAG,CGTTGCTT,.,.
2025-07-17 plate 2,07D,2022052,TGCCTTAC,TGACTACA,TGCCTTAC,TGACTACA,.,.
2025-07-17 plate 2,07E,2022053,TCTACATG,CGGCCTCG,TCTACATG,CGGCCTCG,.,.
2025-07-17 plate 2,07F,2022054,AGCGTGTA,CAAGCATC,AGCGTGTA,CAAGCATC,.,.
2025-07-17 plate 2,07G,2022055,TTCAAGCG,TCGTCTGA,TTCAAGCG,TCGTCTGA,.,.
2025-07-17 plate 2,07H,2022056,ATAGATTG,AGACACAT,ATAGATTG,AGACACAT,.,.
2025-07-17 plate 2,08A,2022057,ATTCCACC,GCGCGATG,ATTCCACC,GCGCGATG,.,.
2025-07-17 plate 2,08B,2022058,TCCGTCCA,GATACCTC,TCCGTCCA,GATACCTC,.,.
2025-07-17 plate 2,08C,2022059,CCGGTCAG,GAACCATG,CCGGTCAG,GAACCATG,.,.
2025-07-17 plate 2,08D,2022060,CTCAATTC,GGCCATCA,CTCAATTC,GGCCATCA,.,.
2025-07-17 plate 2,08E,2022061,AATGGAGA,TATGTGCA,AATGGAGA,TATGTGCA,.,.
2025-07-17 plate 2,08F,2022062,ATGCATGT,ATGTAGAC,ATGCATGT,ATGTAGAC,.,.
2025-07-17 plate 2,08G,2022063,GGCGCCTG,CACATCGG,GGCGCCTG,CACATCGG,.,.
2025-07-17 plate 2,08H,2022064,CGTTATGT,TTAAGTTG,CGTTATGT,TTAAGTTG,.,.
2025-07-17 plate 2,09A,2022065,GCAATCGT,CGGACAGT,GCAATCGT,CGGACAGT,.,.
2025-07-17 plate 2,09B,2022066,ACGCAATA,TCCACGGC,ACGCAATA,TCCACGGC,.,.
2025-07-17 plate 2,09C,2022067,TACTCATG,TGTGATGT,TACTCATG,TGTGATGT,.,.
2025-07-17 plate 2,09D,2022068,TAGAATTA,GAGCGCAA,TAGAATTA,GAGCGCAA,.,.
2025-07-17 plate 2,09E,2022069,ATTAGCGT,ATCTTACT,ATTAGCGT,ATCTTACT,.,.
2025-07-17 plate 2,09F,2022070,TAACAAGG,ATGTCGTG,TAACAAGG,ATGTCGTG,.,.
2025-07-17 plate 2,09G,2022071,ATGGCTAC,GTAGCCAT,ATGGCTAC,GTAGCCAT,.,.
2025-07-17 plate 2,09H,2022072,GAATTGGA,TGGTTAAG,GAATTGGA,TGGTTAAG,.,.
2025-07-17 plate 2,10A,2022073,CGGCGAAG,TGTTGTTC,CGGCGAAG,TGTTGTTC,.,.
2025-07-17 plate 2,10B,2022074,GTGACCGA,CCAACAAC,GTGACCGA,CCAACAAC,.,.
2025-07-17 plate 2,10C,2022075,ACTTGTTC,ACCGGCTC,ACTTGTTC,ACCGGCTC,.,.
2025-07-17 plate 2,10D,2022076,TACAGGAA,GTTAATCT,TACAGGAA,GTTAATCT,.,.
2025-07-17 plate 2,10E,2022077,TGACGTTG,TCCAAGAA,TGACGTTG,TCCAAGAA,.,.
2025-07-17 plate 2,10F,2022078,AATAACCG,CCGAACGT,AATAACCG,CCGAACGT,.,.
2025-07-17 plate 2,10G,2022079,AGCCAAGA,TAACCGCC,AGCCAAGA,TAACCGCC,.,.
2025-07-17 plate 2,10H,2022080,CGGTGTGA,CTCCGTGC,CGGTGTGA,CTCCGTGC,.,.
2025-07-17 plate 2,11A,2022081,GTAACGTT,CATTCCAG,GTAACGTT,CATTCCAG,.,.
2025-07-17 plate 2,11B,2022082,CGAGGCCG,GGTTATGC,CGAGGCCG,GGTTATGC,.,.
2025-07-17 plate 2,11C,2022083,GCCTCTGT,ACCACACG,GCCTCTGT,ACCACACG,.,.
2025-07-17 plate 2,11D,2022084,GGTTCCTA,TAGGTTCT,GGTTCCTA,TAGGTTCT,.,.
2025-07-17 plate 2,11E,2022085,ATACCTAT,TATGGCTC,ATACCTAT,TATGGCTC,.,.
2025-07-17 plate 2,11F,2022086,CGTGAAGG,CTCGTGCG,CGTGAAGG,CTCGTGCG,.,.
2025-07-17 plate 2,11G,2022087,TATTGGCC,CCAGTTGG,TATTGGCC,CCAGTTGG,.,.
2025-07-17 plate 2,11H,2022088,TCCAATTG,AACCGCAT,TCCAATTG,AACCGCAT,.,.
2025-07-17 plate 2,12A,2022089,CAGCAATT,CGAAGGTT,CAGCAATT,CGAAGGTT,.,.
2025-07-17 plate 2,12B,2022090,GCGTATAG,AGTGCCAC,GCGTATAG,AGTGCCAC,.,.
2025-07-17 plate 2,12C,2022091,GAGAATAC,GAACAAGT,GAGAATAC,GAACAAGT,.,.
2025-07-17 plate 2,12D,2022092,CAGCGGTC,ACGATTGC,CAGCGGTC,ACGATTGC,.,.
2025-07-17 plate 2,12E,2022093,TCGGAGTT,ACGCTAAT,TCGGAGTT,ACGCTAAT,.,.
2025-07-17 plate 2,12F,2022094,AATATTCA,CGGTTATT,AATATTCA,CGGTTATT,.,.
2025-07-17 plate 2,12G,2022095,ATGCGGTT,CATGTAGA,ATGCGGTT,CATGTAGA,.,.
2025-07-17 plate 2,12H,neg1,GACGGAGC,GATTGTCA,GACGGAGC,GATTGTCA,.,.
2025Sept Jess Msa 01,01A,2022096,TTCCATCT,AGCGGTGG,TTCCATCT,AGCGGTGG,.,.
2025Sept Jess Msa 01,01B,2022097,AACGGTGT,TATAGATT,AACGGTGT,TATAGATT,.,.
2025Sept Jess Msa 01,01C,2022098,TTGTTATC,ACAGAGGC,TTGTTATC,ACAGAGGC,.,.
2025Sept Jess Msa 01,01D,2022099,TATGCGAT,ATTCCTAT,TATGCGAT,ATTCCTAT,.,.
2025Sept Jess Msa 01,01E,2022100,TGACAATC,CGCCTTCT,TGACAATC,CGCCTTCT,.,.
2025Sept Jess Msa 01,01F,2022101,GTTGTTGG,GCGCAGAG,GTTGTTGG,GCGCAGAG,.,.
2025Sept Jess Msa 01,01G,2022102,GCGTTCGC,AGATATGG,GCGTTCGC,AGATATGG,.,.
2025Sept Jess Msa 01,01H,2022103,CCACCGCT,CCTGCTTG,CCACCGCT,CCTGCTTG,.,.
2025Sept Jess Msa 01,02A,2022104,TGTTCGTC,GACGAACA,TGTTCGTC,GACGAACA,.,.
2025Sept Jess Msa 01,02B,2022105,CGAATATA,TGGCGGTC,CGAATATA,TGGCGGTC,.,.
2025Sept Jess Msa 01,02C,2022106,TCGTCGCG,CTTCAGTT,TCGTCGCG,CTTCAGTT,.,.
2025Sept Jess Msa 01,02D,2022107,TCCGAGGC,CGCGCCTA,TCCGAGGC,CGCGCCTA,.,.
2025Sept Jess Msa 01,02E,2022108,CTGTCTCA,AGGCCAGA,CTGTCTCA,AGGCCAGA,.,.
2025Sept Jess Msa 01,02F,2022109,TGCGAACA,CCTTGAAC,TGCGAACA,CCTTGAAC,.,.
2025Sept Jess Msa 01,02G,2022110,TTCTTGGA,TTCATCCA,TTCTTGGA,TTCATCCA,.,.
2025Sept Jess Msa 01,02H,2022111,CCTACAGC,CATAACAC,CCTACAGC,CATAACAC,.,.
2025Sept Jess Msa 01,03A,2022112,CCAGGTAT,TCCTATTA,CCAGGTAT,TCCTATTA,.,.
2025Sept Jess Msa 01,03B,2022113,GGTCCAAC,CGCGAGCC,GGTCCAAC,CGCGAGCC,.,.
2025Sept Jess Msa 01,03C,2022114,AACTTGGT,ATTACTCA,AACTTGGT,ATTACTCA,.,.
2025Sept Jess Msa 01,03D,2022115,CGCCACAC,AATTGGCG,CGCCACAC,AATTGGCG,.,.
2025Sept Jess Msa 01,03E,2022116,CTACTGCC,TTGTCAAC,CTACTGCC,TTGTCAAC,.,.
2025Sept Jess Msa 01,03F,2022117,CCTTAATC,GGCGAATT,CCTTAATC,GGCGAATT,.,.
2025Sept Jess Msa 01,03G,2022118,CACGAGAC,CAACGTCA,CACGAGAC,CAACGTCA,.,.
2025Sept Jess Msa 01,03H,2022119,CTGGTTGT,TCTTACAT,CTGGTTGT,TCTTACAT,.,.
2025Sept Jess Msa 01,04A,2022120,ATTCTGCT,CGCCATAC,ATTCTGCT,CGCCATAC,.,.
2025Sept Jess Msa 01,04B,2022121,CACGACTG,CTAATGTC,CACGACTG,CTAATGTC,.,.
2025Sept Jess Msa 01,04C,2022122,GGTTAGAC,CAACCGGA,GGTTAGAC,CAACCGGA,.,.
2025Sept Jess Msa 01,04D,2022123,CCGAGTTC,GGCAGTAG,CCGAGTTC,GGCAGTAG,.,.
2025Sept Jess Msa 01,04E,2022124,TGATAACT,TTAGGATA,TGATAACT,TTAGGATA,.,.
2025Sept Jess Msa 01,04F,2022125,CTCGGACT,GAGTTGTA,CTCGGACT,GAGTTGTA,.,.
2025Sept Jess Msa 01,04G,2022126,GGAACTGT,AACACGTG,GGAACTGT,AACACGTG,.,.
2025Sept Jess Msa 01,04H,2022127,TCGGATAA,GTGTTACC,TCGGATAA,GTGTTACC,.,.
2025Sept Jess Msa 01,05A,2022128,TAGACTAT,TTGACCAA,TAGACTAT,TTGACCAA,.,.
2025Sept Jess Msa 01,05B,2022129,TACCGCAC,CTGACCGG,TACCGCAC,CTGACCGG,.,.
2025Sept Jess Msa 01,05C,2022130,AGGATATC,GGACCAAC,AGGATATC,GGACCAAC,.,.
2025Sept Jess Msa 01,05D,2022131,ATACGCGA,AATGTATT,ATACGCGA,AATGTATT,.,.
2025Sept Jess Msa 01,05E,2022132,CTTAGAAT,GATCTCTG,CTTAGAAT,GATCTCTG,.,.
2025Sept Jess Msa 01,05F,2022133,GAAGCGCT,CAGGCGCC,GAAGCGCT,CAGGCGCC,.,.
2025Sept Jess Msa 01,05G,2022134,CTATCAAC,TTAATAGA,CTATCAAC,TTAATAGA,.,.
2025Sept Jess Msa 01,05H,2022135,GTTCGGTA,GGAGTCGC,GTTCGGTA,GGAGTCGC,.,.
2025Sept Jess Msa 01,06A,2022136,GCATAACC,AACGCCAG,GCATAACC,AACGCCAG,.,.
2025Sept Jess Msa 01,06B,2022137,GTGGAAGC,ACGAGACT,GTGGAAGC,ACGAGACT,.,.
2025Sept Jess Msa 01,06C,2022138,CCATATCT,GTATCGGC,CCATATCT,GTATCGGC,.,.
2025Sept Jess Msa 01,06D,2022139,TTCATATT,GTTATATG,TTCATATT,GTTATATG,.,.
2025Sept Jess Msa 01,06E,2022140,GGTATCTG,GCCTGCCA,GGTATCTG,GCCTGCCA,.,.
2025Sept Jess Msa 01,06F,2022141,ACGGCCGT,GCCGTCTG,ACGGCCGT,GCCGTCTG,.,.
2025Sept Jess Msa 01,06G,2022142,GTAATTAC,CAGAGTGA,GTAATTAC,CAGAGTGA,.,.
2025Sept Jess Msa 01,06H,2022143,CCACTAAT,TCAGTTAA,CCACTAAT,TCAGTTAA,.,.
2025Sept Jess Msa 01,07A,2022144,AGTTAGCA,GTGACCTT,AGTTAGCA,GTGACCTT,.,.
2025Sept Jess Msa 01,07B,2022145,AGGTCTTA,ACATGCAT,AGGTCTTA,ACATGCAT,.,.
2025Sept Jess Msa 01,07C,2022146,AACGCGGA,CCATGTGT,AACGCGGA,CCATGTGT,.,.
2025Sept Jess Msa 01,07D,2022147,TGCAACCT,GAGTCTCT,TGCAACCT,GAGTCTCT,.,.
2025Sept Jess Msa 01,07E,2022148,CATGGTTC,GCTATGCG,CATGGTTC,GCTATGCG,.,.
2025Sept Jess Msa 01,07F,2022149,CTAGACCA,AGTACCTA,CTAGACCA,AGTACCTA,.,.
2025Sept Jess Msa 01,07G,2022150,GGCGTGCC,GACCGGAG,GGCGTGCC,GACCGGAG,.,.
2025Sept Jess Msa 01,07H,2022151,GTCCAGCA,CACGTCCA,GTCCAGCA,CACGTCCA,.,.
2025Sept Jess Msa 01,08A,2022152,GTATTAAT,GCTACTAT,GTATTAAT,GCTACTAT,.,.
2025Sept Jess Msa 01,08B,2022153,TGTGACTA,AGTCAACC,TGTGACTA,AGTCAACC,.,.
2025Sept Jess Msa 01,08C,2022154,GCATCTTG,CGAGGCGG,GCATCTTG,CGAGGCGG,.,.
2025Sept Jess Msa 01,08D,2022155,AGTCTCGT,CAGGTGTT,AGTCTCGT,CAGGTGTT,.,.
2025Sept Jess Msa 01,08E,2022156,CGCCATTG,TGTACTTG,CGCCATTG,TGTACTTG,.,.
2025Sept Jess Msa 01,08F,2022157,CGAATTAG,CTCTAAGT,CGAATTAG,CTCTAAGT,.,.
2025Sept Jess Msa 01,08G,2022158,AGACCATG,GTCACCAC,AGACCATG,GTCACCAC,.,.
2025Sept Jess Msa 01,08H,2022159,CACAGTAT,TGGTGAGT,CACAGTAT,TGGTGAGT,.,.
2025Sept Jess Msa 01,09A,2022160,TTGTCGGC,CTTCGAAG,TTGTCGGC,CTTCGAAG,.,.
2025Sept Jess Msa 01,09B,2022161,GTTATATC,GTAGAGTC,GTTATATC,GTAGAGTC,.,.
2025Sept Jess Msa 01,09C,2022162,ACCGGCGA,GACATTGT,ACCGGCGA,GACATTGT,.,.
2025Sept Jess Msa 01,09D,2022163,GAGAGTCT,CGCTTGAA,GAGAGTCT,CGCTTGAA,.,.
2025Sept Jess Msa 01,09E,2022164,TATGTCTC,CAGCGGAC,TATGTCTC,CAGCGGAC,.,.
2025Sept Jess Msa 01,09F,2022165,AATGATAC,GACGTTCG,AATGATAC,GACGTTCG,.,.
2025Sept Jess Msa 01,09G,2022166,CTAAGCGG,CACGGATT,CTAAGCGG,CACGGATT,.,.
2025Sept Jess Msa 01,09H,2022167,ATCTGTGA,TTGAGGAC,ATCTGTGA,TTGAGGAC,.,.
2025Sept Jess Msa 01,10A,2022168,GGACAAGT,GCAACAGG,GGACAAGT,GCAACAGG,.,.
2025Sept Jess Msa 01,10B,2022169,ATTAAGTG,ACCGCGCA,ATTAAGTG,ACCGCGCA,.,.
2025Sept Jess Msa 01,10C,2022170,CTGGAATG,AGCCGGAA,CTGGAATG,AGCCGGAA,.,.
2025Sept Jess Msa 01,10D,2022171,ATAACGAG,CCTCGCAA,ATAACGAG,CCTCGCAA,.,.
2025Sept Jess Msa 01,10E,2022172,TGGCTTCT,TAGGAGCG,TGGCTTCT,TAGGAGCG,.,.
2025Sept Jess Msa 01,10F,2022173,ACCGATTA,AGTTAAGA,ACCGATTA,AGTTAAGA,.,.
2025Sept Jess Msa 01,10G,2022174,TGGTCCGG,GAGTGTGC,TGGTCCGG,GAGTGTGC,.,.
2025Sept Jess Msa 01,10H,2022175,TCTAAGTC,ATTAATAC,TCTAAGTC,ATTAATAC,.,.
2025Sept Jess Msa 01,11A,2022176,GTGCATTC,TAGGAAGA,GTGCATTC,TAGGAAGA,.,.
2025Sept Jess Msa 01,11B,2022177,GATACACG,CCGTGGCC,GATACACG,CCGTGGCC,.,.
2025Sept Jess Msa 01,11C,2022178,CAATGAAT,GGATATAT,CAATGAAT,GGATATAT,.,.
2025Sept Jess Msa 01,11D,2022179,GAGTCGAG,CACCTCTT,GAGTCGAG,CACCTCTT,.,.
2025Sept Jess Msa 01,11E,2022180,ACGAGAGC,AACGTTAC,ACGAGAGC,AACGTTAC,.,.
2025Sept Jess Msa 01,11F,2022181,TGAGGTCC,CGGCAAGC,TGAGGTCC,CGGCAAGC,.,.
2025Sept Jess Msa 01,11G,2022182,AGAGACTC,TCTTGGCT,AGAGACTC,TCTTGGCT,.,.
2025Sept Jess Msa 01,11H,2022183,GCTCCGTT,ACGGAATG,GCTCCGTT,ACGGAATG,.,.
2025Sept Jess Msa 01,12A,2022184,ACATCACA,GTTCCGCA,ACATCACA,GTTCCGCA,.,.
2025Sept Jess Msa 01,12B,2022185,AAGACAAG,ACCAAGTT,AAGACAAG,ACCAAGTT,.,.
2025Sept Jess Msa 01,12C,2022186,CTCGTGCA,AACTAACG,CTCGTGCA,AACTAACG,.,.
2025Sept Jess Msa 01,12D,2022187,AATAGCAC,AGAGCACT,AATAGCAC,AGAGCACT,.,.
2025Sept Jess Msa 01,12E,2022188,CACTAAGG,ACTCTACA,CACTAAGG,ACTCTACA,.,.
2025Sept Jess Msa 01,12F,2022189,GTCGGCAT,GCGTTGGT,GTCGGCAT,GCGTTGGT,.,.
2025Sept Jess Msa 01,12G,2022190,GACGCTAG,TGTGCTAA,GACGCTAG,TGTGCTAA,.,.
2025Sept Jess Msa 01,12H,neg2,CGTAGGCA,CTTATACC,CGTAGGCA,CTTATACC,.,.
2025Sept Jess Msa 02,01A,2022191,GTTCTAGT,TATCATGA,GTTCTAGT,TATCATGA,.,.
2025Sept Jess Msa 02,01B,2022192,AAGAGGTG,CTCACACA,AAGAGGTG,CTCACACA,.,.
2025Sept Jess Msa 02,01C,2022193,GATCTGGC,GAATTGAG,GATCTGGC,GAATTGAG,.,.
2025Sept Jess Msa 02,01D,2022194,GAATCCAA,CGGATTAT,GAATCCAA,CGGATTAT,.,.
2025Sept Jess Msa 02,01E,2022195,CGGCTAGT,TTGAAGCA,CGGCTAGT,TTGAAGCA,.,.
2025Sept Jess Msa 02,01F,2022196,GCTTGCCG,TACGGCGA,GCTTGCCG,TACGGCGA,.,.
2025Sept Jess Msa 02,01G,2022197,CCTGTTGC,TCTCCATT,CCTGTTGC,TCTCCATT,.,.
2025Sept Jess Msa 02,01H,2022198,TGACTGGT,CGAGACCA,TGACTGGT,CGAGACCA,.,.
2025Sept Jess Msa 02,02A,2022199,GATTCCGG,TGCTGGAC,GATTCCGG,TGCTGGAC,.,.
2025Sept Jess Msa 02,02B,2022200,TAAGGTGG,GATGGTAT,TAAGGTGG,GATGGTAT,.,.
2025Sept Jess Msa 02,02C,2022201,ACTGCAAC,GGCTTAAT,ACTGCAAC,GGCTTAAT,.,.
2025Sept Jess Msa 02,02D,2022202,AACGCACC,CTCGACTC,AACGCACC,CTCGACTC,.,.
2025Sept Jess Msa 02,02E,2022203,TTACGCCG,TCTCGGAC,TTACGCCG,TCTCGGAC,.,.
2025Sept Jess Msa 02,02F,2022204,CTGATGTC,AGTCCGAG,CTGATGTC,AGTCCGAG,.,.
2025Sept Jess Msa 02,02G,2022205,AGGAGGAA,TACTCTGT,AGGAGGAA,TACTCTGT,.,.
2025Sept Jess Msa 02,02H,2022206,CTTACACA,GCGACTCG,CTTACACA,GCGACTCG,.,.
2025Sept Jess Msa 02,03A,2022207,TGGACGCA,CTAGGCAA,TGGACGCA,CTAGGCAA,.,.
2025Sept Jess Msa 02,03B,2022208,ACGCACCT,TCATCCTC,ACGCACCT,TCATCCTC,.,.
2025Sept Jess Msa 02,03C,2022209,CTGGCCAA,GGTAAGAT,CTGGCCAA,GGTAAGAT,.,.
2025Sept Jess Msa 02,03D,2022210,TCTGGCCT,TAGACAAT,TCTGGCCT,TAGACAAT,.,.
2025Sept Jess Msa 02,03E,2022211,TTAATGCT,CAATGCTG,TTAATGCT,CAATGCTG,.,.
2025Sept Jess Msa 02,03F,2022212,TGAGTAAT,GTCACGGT,TGAGTAAT,GTCACGGT,.,.
2025Sept Jess Msa 02,03G,2022213,CTCTGCGC,GGTGTACA,CTCTGCGC,GGTGTACA,.,.
2025Sept Jess Msa 02,03H,2022214,GTATGGCG,TAATACGG,GTATGGCG,TAATACGG,.,.
2025Sept Jess Msa 02,04A,2022215,CATATAAC,CGAAGACG,CATATAAC,CGAAGACG,.,.
2025Sept Jess Msa 02,04B,2022216,TGCGAGTG,TCTCACGC,TGCGAGTG,TCTCACGC,.,.
2025Sept Jess Msa 02,04C,2022217,GAGCCGGT,TCGAATGG,GAGCCGGT,TCGAATGG,.,.
2025Sept Jess Msa 02,04D,2022218,CGGTCTAT,TGAACGCA,CGGTCTAT,TGAACGCA,.,.
2025Sept Jess Msa 02,04E,2022219,TCAACCAC,CCGCTTAG,TCAACCAC,CCGCTTAG,.,.
2025Sept Jess Msa 02,04F,2022220,TATTCAGT,CACCGAGG,TATTCAGT,CACCGAGG,.,.
2025Sept Jess Msa 02,04G,2022221,ATTATGGA,ATTCATTG,ATTATGGA,ATTCATTG,.,.
2025Sept Jess Msa 02,04H,2022222,TGGTTAAG,TCATGTCC,TGGTTAAG,TCATGTCC,.,.
2025Sept Jess Msa 02,05A,2022223,CAGTTCTG,AATTCGAT,CAGTTCTG,AATTCGAT,.,.
2025Sept Jess Msa 02,05B,2022224,TGAACCTG,AGCTCTCA,TGAACCTG,AGCTCTCA,.,.
2025Sept Jess Msa 02,05C,2022225,AACCTTGG,TCTGGAAT,AACCTTGG,TCTGGAAT,.,.
2025Sept Jess Msa 02,05D,2022226,TTCTCTCG,ATTAGTGG,TTCTCTCG,ATTAGTGG,.,.
2025Sept Jess Msa 02,05E,2022227,ACATTGCG,CGTTCGGA,ACATTGCG,CGTTCGGA,.,.
2025Sept Jess Msa 02,05F,2022228,GGTCTTAG,TGGTATAC,GGTCTTAG,TGGTATAC,.,.
2025Sept Jess Msa 02,05G,2022229,GGATGTAG,GCTCTCGT,GGATGTAG,GCTCTCGT,.,.
2025Sept Jess Msa 02,05H,2022230,TGAGCTAG,CTGTGAGC,TGAGCTAG,CTGTGAGC,.,.
2025Sept Jess Msa 02,06A,2022231,TTGGTGAG,TCACAGAT,TTGGTGAG,TCACAGAT,.,.
2025Sept Jess Msa 02,06B,2022232,TATGGCAG,AGAAGCCA,TATGGCAG,AGAAGCCA,.,.
2025Sept Jess Msa 02,06C,2022233,GCTGTAAG,AACATCTA,GCTGTAAG,AACATCTA,.,.
2025Sept Jess Msa 02,06D,2022234,TAGAGCTC,CCTTACTA,TAGAGCTC,CCTTACTA,.,.
2025Sept Jess Msa 02,06E,2022235,GCAAGATC,GTGGCGAG,GCAAGATC,GTGGCGAG,.,.
2025Sept Jess Msa 02,06F,2022236,ACATAGGC,GCCAGATC,ACATAGGC,GCCAGATC,.,.
2025Sept Jess Msa 02,06G,2022237,AAGAAGGC,ACACAATA,AAGAAGGC,ACACAATA,.,.
2025Sept Jess Msa 02,06H,2022238,GACATTCC,CCTTCACG,GACATTCC,CCTTCACG,.,.
2025Sept Jess Msa 02,07A,2022239,GGAAGCTA,TTATGCGC,GGAAGCTA,TTATGCGC,.,.
2025Sept Jess Msa 02,07B,2022240,GTGCCATA,TCTCAGTA,GTGCCATA,TCTCAGTA,.,.
2025Sept Jess Msa 02,07C,2022241,CTAGGTGA,AGTATACG,CTAGGTGA,AGTATACG,.,.
2025Sept Jess Msa 02,07D,2022242,CTCCTAGA,TACACGCT,CTCCTAGA,TACACGCT,.,.
2025Sept Jess Msa 02,07E,2022243,CCGTAAGA,TCCGATAG,CCGTAAGA,TCCGATAG,.,.
2025Sept Jess Msa 02,07F,2022244,GCACGTAA,CTCAAGGC,GCACGTAA,CTCAAGGC,.,.
2025Sept Jess Msa 02,07G,2022245,ACCTGGAA,TTCCGCAA,ACCTGGAA,TTCCGCAA,.,.
2025Sept Jess Msa 02,07H,2022246,CGTTGCAA,CCTGAACC,CGTTGCAA,CCTGAACC,.,.
2025Sept Jess Msa 02,08A,2022247,TGCACCAA,GAGATAAC,TGCACCAA,GAGATAAC,.,.
2025Sept Jess Msa 02,08B,2022248,ATATACGG,ATGCACCT,ATATACGG,ATGCACCT,.,.
2025Sept Jess Msa 02,08C,2022249,CATTCGGC,TACTGCAG,CATTCGGC,TACTGCAG,.,.
2025Sept Jess Msa 02,08D,2022250,AACCGGAG,GTTCACAA,AACCGGAG,GTTCACAA,.,.
2025Sept Jess Msa 02,08E,2022251,GAAGTTCG,GGCTCTTG,GAAGTTCG,GGCTCTTG,.,.
2025Sept Jess Msa 02,08F,2022252,GACAGCGT,AGACGCTG,GACAGCGT,AGACGCTG,.,.
2025Sept Jess Msa 02,08G,2022253,ACTTACAG,CGTAATAG,ACTTACAG,CGTAATAG,.,.
2025Sept Jess Msa 02,08H,2022254,GTACCTGA,ACGCTGTC,GTACCTGA,ACGCTGTC,.,.
2025Sept Jess Msa 02,09A,2022255,CGTCGGAT,CACTCTCC,CGTCGGAT,CACTCTCC,.,.
2025Sept Jess Msa 02,09B,2022256,GGCTACGT,CGCTTCTG,GGCTACGT,CGCTTCTG,.,.
2025Sept Jess Msa 02,09C,2022257,GTTCGTCT,GGTGTCTT,GTTCGTCT,GGTGTCTT,.,.
2025Sept Jess Msa 02,09D,2022258,GGTGTGGA,GAATTCTC,GGTGTGGA,GAATTCTC,.,.
2025Sept Jess Msa 02,09E,2022259,GCTGATTC,GCACTAGA,GCTGATTC,GCACTAGA,.,.
2025Sept Jess Msa 02,09F,2022260,AGCCGTTA,TCCACCTT,AGCCGTTA,TCCACCTT,.,.
2025Sept Jess Msa 02,09G,2022261,ATATCCTC,TTGAGTCT,ATATCCTC,TTGAGTCT,.,.
2025Sept Jess Msa 02,09H,2022262,ACAATCTC,TTCGTTGT,ACAATCTC,TTCGTTGT,.,.
2025Sept Jess Msa 02,10A,2022263,AGACTCAA,TTGGTCAC,AGACTCAA,TTGGTCAC,.,.
2025Sept Jess Msa 02,10B,2022264,CACACTGC,AGACTTAG,CACACTGC,AGACTTAG,.,.
2025Sept Jess Msa 02,10C,2022265,TCTCACGG,ATATGGGA,TCTCACGG,ATATGGGA,.,.
2025Sept Jess Msa 02,10D,2022266,TACCCTTT,ATTGTCCA,TACCCTTT,ATTGTCCA,.,.
2025Sept Jess Msa 02,10E,2022267,ACGTTCTT,ACAAACTG,ACGTTCTT,ACAAACTG,.,.
2025Sept Jess Msa 02,10F,2022268,GAAATGTC,GAAGAGGG,GAAATGTC,GAAGAGGG,.,.
2025Sept Jess Msa 02,10G,2022269,CGTACTAG,GATCGGTC,CGTACTAG,GATCGGTC,.,.
2025Sept Jess Msa 02,10H,2022270,AGGCAGAA,GGATGAAA,AGGCAGAA,GGATGAAA,.,.
2025Sept Jess Msa 02,11A,2022271,TCCTGAGC,TAGATCGC,TCCTGAGC,TAGATCGC,.,.
2025Sept Jess Msa 02,11B,2022272,GGACTCCT,TATCCTCT,GGACTCCT,TATCCTCT,.,.
2025Sept Jess Msa 02,11C,2022273,TAGGCATG,AGAGTAGA,TAGGCATG,AGAGTAGA,.,.
2025Sept Jess Msa 02,11D,2022274,CAGAGAGG,GTAAGGAG,CAGAGAGG,GTAAGGAG,.,.
2025Sept Jess Msa 02,11E,2022275,GCTACGCT,ACTGCATA,GCTACGCT,ACTGCATA,.,.
2025Sept Jess Msa 02,11F,2022276,CGAGGCTG,AAGGAGTA,CGAGGCTG,AAGGAGTA,.,.
2025Sept Jess Msa 02,11G,2022277,AAGAGGCA,CGTCTAAT,AAGAGGCA,CGTCTAAT,.,.
2025Sept Jess Msa 02,11H,2022278,GTAGAGGA,TCTCTCCG,GTAGAGGA,TCTCTCCG,.,.
2025Sept Jess Msa 02,12A,2022279,GCTCATGA,TCGACTAG,GCTCATGA,TCGACTAG,.,.
2025Sept Jess Msa 02,12B,2022280,ATCTCAGG,TTCTAGCT,ATCTCAGG,TTCTAGCT,.,.
2025Sept Jess Msa 02,12C,2022281,ACTCGCTA,CCTAGAGT,ACTCGCTA,CCTAGAGT,.,.
2025Sept Jess Msa 02,12D,2022282,GGAGCTAC,GCGTAAGA,GGAGCTAC,GCGTAAGA,.,.
2025Sept Jess Msa 02,12E,2022283,GCGTAGTA,CTATTAAG,GCGTAGTA,CTATTAAG,.,.
2025Sept Jess Msa 02,12F,2022284,CGGAGCCT,AAGGCTAT,CGGAGCCT,AAGGCTAT,.,.
2025Sept Jess Msa 02,12G,2022285,TACGCTGC,GAGCCTTA,TACGCTGC,GAGCCTTA,.,.
2025Sept Jess Msa 02,12H,neg3,ATGCGCAG,TTATGCGA,ATGCGCAG,TTATGCGA,.,.
2025Sept Jess Msa 03,01A,2022286,GTCAGATA,AGCGGTGG,GTCAGATA,AGCGGTGG,.,.
2025Sept Jess Msa 03,01B,2022287,TCTCATAT,TATAGATT,TCTCATAT,TATAGATT,.,.
2025Sept Jess Msa 03,01C,2022288,TCCATAAG,ACAGAGGC,TCCATAAG,ACAGAGGC,.,.
2025Sept Jess Msa 03,01D,2022289,CGAGATTA,ATTCCTAT,CGAGATTA,ATTCCTAT,.,.
2025Sept Jess Msa 03,01E,2022290,CATCGCGC,CGCCTTCT,CATCGCGC,CGCCTTCT,.,.
2025Sept Jess Msa 03,01F,2022291,TCAAGGCA,GCGCAGAG,TCAAGGCA,GCGCAGAG,.,.
2025Sept Jess Msa 03,01G,2022292,CTGAGTAG,AGATATGG,CTGAGTAG,AGATATGG,.,.
2025Sept Jess Msa 03,01H,2022293,TCAGACGA,CCTGCTTG,TCAGACGA,CCTGCTTG,.,.
2025Sept Jess Msa 03,02A,2022294,GTATGTTC,GACGAACA,GTATGTTC,GACGAACA,.,.
2025Sept Jess Msa 03,02B,2022295,AGCGGCAC,TGGCGGTC,AGCGGCAC,TGGCGGTC,.,.
2025Sept Jess Msa 03,02C,2022296,GTTACGGC,CTTCAGTT,GTTACGGC,CTTCAGTT,.,.
2025Sept Jess Msa 03,02D,2022297,GAATGGTT,CGCGCCTA,GAATGGTT,CGCGCCTA,.,.
2025Sept Jess Msa 03,02E,2022298,AGGCAACC,AGGCCAGA,AGGCAACC,AGGCCAGA,.,.
2025Sept Jess Msa 03,02F,2022299,ATCATTAG,CCTTGAAC,ATCATTAG,CCTTGAAC,.,.
2025Sept Jess Msa 03,02G,2022300,TAGGCCGA,TTCATCCA,TAGGCCGA,TTCATCCA,.,.
2025Sept Jess Msa 03,02H,2022301,GGTTGACT,CATAACAC,GGTTGACT,CATAACAC,.,.
2025Sept Jess Msa 03,03A,2022302,GCCTTGTT,TCCTATTA,GCCTTGTT,TCCTATTA,.,.
2025Sept Jess Msa 03,03B,2022303,CTACATAC,CGCGAGCC,CTACATAC,CGCGAGCC,.,.
2025Sept Jess Msa 03,03C,2022304,CCATAGAA,ATTACTCA,CCATAGAA,ATTACTCA,.,.
2025Sept Jess Msa 03,03D,2022305,AGCATCCA,AATTGGCG,AGCATCCA,AATTGGCG,.,.
2025Sept Jess Msa 03,03E,2022306,CGCACTCT,TTGTCAAC,CGCACTCT,TTGTCAAC,.,.
2025Sept Jess Msa 03,03F,2022307,GACACGCA,GGCGAATT,GACACGCA,GGCGAATT,.,.
2025Sept Jess Msa 03,03G,2022308,AGTGTATG,CAACGTCA,AGTGTATG,CAACGTCA,.,.
2025Sept Jess Msa 03,03H,2022309,ATTATACG,TCTTACAT,ATTATACG,TCTTACAT,.,.
2025Sept Jess Msa 03,04A,2022310,TAACTCGC,CGCCATAC,TAACTCGC,CGCCATAC,.,.
2025Sept Jess Msa 03,04B,2022311,CGGCCGTA,CTAATGTC,CGGCCGTA,CTAATGTC,.,.
2025Sept Jess Msa 03,04C,2022312,TAATCGAC,CAACCGGA,TAATCGAC,CAACCGGA,.,.
2025Sept Jess Msa 03,04D,2022313,ATCGGCTG,GGCAGTAG,ATCGGCTG,GGCAGTAG,.,.
2025Sept Jess Msa 03,04E,2022314,TCGGCAAT,TTAGGATA,TCGGCAAT,TTAGGATA,.,.
2025Sept Jess Msa 03,04F,2022315,ATCTCGCC,GAGTTGTA,ATCTCGCC,GAGTTGTA,.,.
2025Sept Jess Msa 03,04G,2022316,GCGAGCCA,AACACGTG,GCGAGCCA,AACACGTG,.,.
2025Sept Jess Msa 03,04H,2022317,TTATTCTA,GTGTTACC,TTATTCTA,GTGTTACC,.,.
2025Sept Jess Msa 03,05A,2022318,CCTGGATA,TTGACCAA,CCTGGATA,TTGACCAA,.,.
2025Sept Jess Msa 03,05B,2022319,CACCATGT,CTGACCGG,CACCATGT,CTGACCGG,.,.
2025Sept Jess Msa 03,05C,2022320,AATTGTAA,GGACCAAC,AATTGTAA,GGACCAAC,.,.
2025Sept Jess Msa 03,05D,2022321,GAGGAATA,AATGTATT,GAGGAATA,AATGTATT,.,.
2025Sept Jess Msa 03,05E,2022322,CGCACGAG,GATCTCTG,CGCACGAG,GATCTCTG,.,.
2025Sept Jess Msa 03,05F,2022323,TATCCTAA,CAGGCGCC,TATCCTAA,CAGGCGCC,.,.
2025Sept Jess Msa 03,05G,2022324,CGCTTCGG,TTAATAGA,CGCTTCGG,TTAATAGA,.,.
2025Sept Jess Msa 03,05H,2022325,GCTAATCA,GGAGTCGC,GCTAATCA,GGAGTCGC,.,.
2025Sept Jess Msa 03,06A,2022326,CACTGTTA,AACGCCAG,CACTGTTA,AACGCCAG,.,.
2025Sept Jess Msa 03,06B,2022327,TGCGCGGT,ACGAGACT,TGCGCGGT,ACGAGACT,.,.
2025Sept Jess Msa 03,06C,2022328,GCGCGAAC,GTATCGGC,GCGCGAAC,GTATCGGC,.,.
2025Sept Jess Msa 03,06D,2022329,ATGTGTCT,GTTATATG,ATGTGTCT,GTTATATG,.,.
2025Sept Jess Msa 03,06E,2022330,CGGAACAA,GCCTGCCA,CGGAACAA,GCCTGCCA,.,.
2025Sept Jess Msa 03,06F,2022331,GAGTACTT,GCCGTCTG,GAGTACTT,GCCGTCTG,.,.
2025Sept Jess Msa 03,06G,2022332,TGTACACC,CAGAGTGA,TGTACACC,CAGAGTGA,.,.
2025Sept Jess Msa 03,06H,2022333,CATAAGGT,TCAGTTAA,CATAAGGT,TCAGTTAA,.,.
2025Sept Jess Msa 03,07A,2022334,CTGCAGCG,GTGACCTT,CTGCAGCG,GTGACCTT,.,.
2025Sept Jess Msa 03,07B,2022335,TGGTATCC,ACATGCAT,TGGTATCC,ACATGCAT,.,.
2025Sept Jess Msa 03,07C,2022336,CAAGCCAG,CCATGTGT,CAAGCCAG,CCATGTGT,.,.
2025Sept Jess Msa 03,07D,2022337,TGCCTTAC,GAGTCTCT,TGCCTTAC,GAGTCTCT,.,.
2025Sept Jess Msa 03,07E,2022338,TCTACATG,GCTATGCG,TCTACATG,GCTATGCG,.,.
2025Sept Jess Msa 03,07F,2022339,AGCGTGTA,AGTACCTA,AGCGTGTA,AGTACCTA,.,.
2025Sept Jess Msa 03,07G,2022340,TTCAAGCG,GACCGGAG,TTCAAGCG,GACCGGAG,.,.
2025Sept Jess Msa 03,07H,2022341,ATAGATTG,CACGTCCA,ATAGATTG,CACGTCCA,.,.
2025Sept Jess Msa 03,08A,2022342,ATTCCACC,GCTACTAT,ATTCCACC,GCTACTAT,.,.
2025Sept Jess Msa 03,08B,2022343,TCCGTCCA,AGTCAACC,TCCGTCCA,AGTCAACC,.,.
2025Sept Jess Msa 03,08C,2022344,CCGGTCAG,CGAGGCGG,CCGGTCAG,CGAGGCGG,.,.
2025Sept Jess Msa 03,08D,2022345,CTCAATTC,CAGGTGTT,CTCAATTC,CAGGTGTT,.,.
2025Sept Jess Msa 03,08E,2022346,AATGGAGA,TGTACTTG,AATGGAGA,TGTACTTG,.,.
2025Sept Jess Msa 03,08F,2022347,ATGCATGT,CTCTAAGT,ATGCATGT,CTCTAAGT,.,.
2025Sept Jess Msa 03,08G,2022348,GGCGCCTG,GTCACCAC,GGCGCCTG,GTCACCAC,.,.
2025Sept Jess Msa 03,08H,2022349,CGTTATGT,TGGTGAGT,CGTTATGT,TGGTGAGT,.,.
2025Sept Jess Msa 03,09A,2022350,GCAATCGT,CTTCGAAG,GCAATCGT,CTTCGAAG,.,.
2025Sept Jess Msa 03,09B,2022351,ACGCAATA,GTAGAGTC,ACGCAATA,GTAGAGTC,.,.
2025Sept Jess Msa 03,09C,2022352,TACTCATG,GACATTGT,TACTCATG,GACATTGT,.,.
2025Sept Jess Msa 03,09D,2022353,TAGAATTA,CGCTTGAA,TAGAATTA,CGCTTGAA,.,.
2025Sept Jess Msa 03,09E,2022354,ATTAGCGT,CAGCGGAC,ATTAGCGT,CAGCGGAC,.,.
2025Sept Jess Msa 03,09F,2022355,TAACAAGG,GACGTTCG,TAACAAGG,GACGTTCG,.,.
2025Sept Jess Msa 03,09G,2022356,ATGGCTAC,CACGGATT,ATGGCTAC,CACGGATT,.,.
2025Sept Jess Msa 03,09H,2022357,GAATTGGA,TTGAGGAC,GAATTGGA,TTGAGGAC,.,.
2025Sept Jess Msa 03,10A,2022358,CGGCGAAG,GCAACAGG,CGGCGAAG,GCAACAGG,.,.
2025Sept Jess Msa 03,10B,2022359,GTGACCGA,ACCGCGCA,GTGACCGA,ACCGCGCA,.,.
2025Sept Jess Msa 03,10C,2022360,ACTTGTTC,AGCCGGAA,ACTTGTTC,AGCCGGAA,.,.
2025Sept Jess Msa 03,10D,2022361,TACAGGAA,CCTCGCAA,TACAGGAA,CCTCGCAA,.,.
2025Sept Jess Msa 03,10E,2022362,TGACGTTG,TAGGAGCG,TGACGTTG,TAGGAGCG,.,.
2025Sept Jess Msa 03,10F,2022363,AATAACCG,AGTTAAGA,AATAACCG,AGTTAAGA,.,.
2025Sept Jess Msa 03,10G,2022364,AGCCAAGA,GAGTGTGC,AGCCAAGA,GAGTGTGC,.,.
2025Sept Jess Msa 03,10H,2022365,CGGTGTGA,ATTAATAC,CGGTGTGA,ATTAATAC,.,.
2025Sept Jess Msa 03,11A,2022366,GTAACGTT,TAGGAAGA,GTAACGTT,TAGGAAGA,.,.
2025Sept Jess Msa 03,11B,2022367,CGAGGCCG,CCGTGGCC,CGAGGCCG,CCGTGGCC,.,.
2025Sept Jess Msa 03,11C,2022368,GCCTCTGT,GGATATAT,GCCTCTGT,GGATATAT,.,.
2025Sept Jess Msa 03,11D,2022369,GGTTCCTA,CACCTCTT,GGTTCCTA,CACCTCTT,.,.
2025Sept Jess Msa 03,11E,2022370,ATACCTAT,AACGTTAC,ATACCTAT,AACGTTAC,.,.
2025Sept Jess Msa 03,11F,2022371,CGTGAAGG,CGGCAAGC,CGTGAAGG,CGGCAAGC,.,.
2025Sept Jess Msa 03,11G,2022372,TATTGGCC,TCTTGGCT,TATTGGCC,TCTTGGCT,.,.
2025Sept Jess Msa 03,11H,2022373,TCCAATTG,ACGGAATG,TCCAATTG,ACGGAATG,.,.
2025Sept Jess Msa 03,12A,2022374,CAGCAATT,GTTCCGCA,CAGCAATT,GTTCCGCA,.,.
2025Sept Jess Msa 03,12B,2022375,GCGTATAG,ACCAAGTT,GCGTATAG,ACCAAGTT,.,.
2025Sept Jess Msa 03,12C,2022376,GAGAATAC,AACTAACG,GAGAATAC,AACTAACG,.,.
2025Sept Jess Msa 03,12D,2022377,CAGCGGTC,AGAGCACT,CAGCGGTC,AGAGCACT,.,.
2025Sept Jess Msa 03,12E,2022378,TCGGAGTT,ACTCTACA,TCGGAGTT,ACTCTACA,.,.
2025Sept Jess Msa 03,12F,2022379,AATATTCA,GCGTTGGT,AATATTCA,GCGTTGGT,.,.
2025Sept Jess Msa 03,12G,2022380,ATGCGGTT,TGTGCTAA,ATGCGGTT,TGTGCTAA,.,.
2025Sept Jess Msa 03,12H,neg4,GACGGAGC,CTTATACC,GACGGAGC,CTTATACC,.,.
2025Sept Jess Msa 04,01A,2022381,TTCCATCT,TATCATGA,TTCCATCT,TATCATGA,.,.
2025Sept Jess Msa 04,01B,2022382,AACGGTGT,CTCACACA,AACGGTGT,CTCACACA,.,.
2025Sept Jess Msa 04,01C,2022383,TTGTTATC,GAATTGAG,TTGTTATC,GAATTGAG,.,.
2025Sept Jess Msa 04,01D,2022384,TATGCGAT,CGGATTAT,TATGCGAT,CGGATTAT,.,.
2025Sept Jess Msa 04,01E,2022385,TGACAATC,TTGAAGCA,TGACAATC,TTGAAGCA,.,.
2025Sept Jess Msa 04,01F,2022386,GTTGTTGG,TACGGCGA,GTTGTTGG,TACGGCGA,.,.
2025Sept Jess Msa 04,01G,2022387,GCGTTCGC,TCTCCATT,GCGTTCGC,TCTCCATT,.,.
2025Sept Jess Msa 04,01H,2022388,CCACCGCT,CGAGACCA,CCACCGCT,CGAGACCA,.,.
2025Sept Jess Msa 04,02A,2022389,TGTTCGTC,TGCTGGAC,TGTTCGTC,TGCTGGAC,.,.
2025Sept Jess Msa 04,02B,2022390,CGAATATA,GATGGTAT,CGAATATA,GATGGTAT,.,.
2025Sept Jess Msa 04,02C,2022391,TCGTCGCG,GGCTTAAT,TCGTCGCG,GGCTTAAT,.,.
2025Sept Jess Msa 04,02D,2022392,TCCGAGGC,CTCGACTC,TCCGAGGC,CTCGACTC,.,.
2025Sept Jess Msa 04,02E,2022393,CTGTCTCA,TCTCGGAC,CTGTCTCA,TCTCGGAC,.,.
2025Sept Jess Msa 04,02F,2022394,TGCGAACA,AGTCCGAG,TGCGAACA,AGTCCGAG,.,.
2025Sept Jess Msa 04,02G,2022395,TTCTTGGA,TACTCTGT,TTCTTGGA,TACTCTGT,.,.
2025Sept Jess Msa 04,02H,2022396,CCTACAGC,GCGACTCG,CCTACAGC,GCGACTCG,.,.
2025Sept Jess Msa 04,03A,2022397,CCAGGTAT,CTAGGCAA,CCAGGTAT,CTAGGCAA,.,.
2025Sept Jess Msa 04,03B,2022398,GGTCCAAC,TCATCCTC,GGTCCAAC,TCATCCTC,.,.
2025Sept Jess Msa 04,03C,2022399,AACTTGGT,GGTAAGAT,AACTTGGT,GGTAAGAT,.,.
2025Sept Jess Msa 04,03D,2022400,CGCCACAC,TAGACAAT,CGCCACAC,TAGACAAT,.,.
2025Sept Jess Msa 04,03E,2022401,CTACTGCC,CAATGCTG,CTACTGCC,CAATGCTG,.,.
2025Sept Jess Msa 04,03F,2022402,CCTTAATC,GTCACGGT,CCTTAATC,GTCACGGT,.,.
2025Sept Jess Msa 04,03G,2022403,CACGAGAC,GGTGTACA,CACGAGAC,GGTGTACA,.,.
2025Sept Jess Msa 04,03H,2022404,CTGGTTGT,TAATACGG,CTGGTTGT,TAATACGG,.,.
2025Sept Jess Msa 04,04A,2022405,ATTCTGCT,CGAAGACG,ATTCTGCT,CGAAGACG,.,.
2025Sept Jess Msa 04,04B,2022406,CACGACTG,TCTCACGC,CACGACTG,TCTCACGC,.,.
2025Sept Jess Msa 04,04C,2022407,GGTTAGAC,TCGAATGG,GGTTAGAC,TCGAATGG,.,.
2025Sept Jess Msa 04,04D,2022408,CCGAGTTC,TGAACGCA,CCGAGTTC,TGAACGCA,.,.
2025Sept Jess Msa 04,04E,2022409,TGATAACT,CCGCTTAG,TGATAACT,CCGCTTAG,.,.
2025Sept Jess Msa 04,04F,2022410,CTCGGACT,CACCGAGG,CTCGGACT,CACCGAGG,.,.
2025Sept Jess Msa 04,04G,2022411,GGAACTGT,ATTCATTG,GGAACTGT,ATTCATTG,.,.
2025Sept Jess Msa 04,04H,2022412,TCGGATAA,TCATGTCC,TCGGATAA,TCATGTCC,.,.
2025Sept Jess Msa 04,05A,2022413,TAGACTAT,AATTCGAT,TAGACTAT,AATTCGAT,.,.
2025Sept Jess Msa 04,05B,2022414,TACCGCAC,AGCTCTCA,TACCGCAC,AGCTCTCA,.,.
2025Sept Jess Msa 04,05C,2022415,AGGATATC,TCTGGAAT,AGGATATC,TCTGGAAT,.,.
2025Sept Jess Msa 04,05D,2022416,ATACGCGA,ATTAGTGG,ATACGCGA,ATTAGTGG,.,.
2025Sept Jess Msa 04,05E,2022417,CTTAGAAT,CGTTCGGA,CTTAGAAT,CGTTCGGA,.,.
2025Sept Jess Msa 04,05F,2022418,GAAGCGCT,TGGTATAC,GAAGCGCT,TGGTATAC,.,.
2025Sept Jess Msa 04,05G,2022419,CTATCAAC,GCTCTCGT,CTATCAAC,GCTCTCGT,.,.
2025Sept Jess Msa 04,05H,2022420,GTTCGGTA,CTGTGAGC,GTTCGGTA,CTGTGAGC,.,.
2025Sept Jess Msa 04,06A,2022421,GCATAACC,TCACAGAT,GCATAACC,TCACAGAT,.,.
2025Sept Jess Msa 04,06B,2022422,GTGGAAGC,AGAAGCCA,GTGGAAGC,AGAAGCCA,.,.
2025Sept Jess Msa 04,06C,2022423,CCATATCT,AACATCTA,CCATATCT,AACATCTA,.,.
2025Sept Jess Msa 04,06D,2022424,TTCATATT,CCTTACTA,TTCATATT,CCTTACTA,.,.
2025Sept Jess Msa 04,06E,2022425,GGTATCTG,GTGGCGAG,GGTATCTG,GTGGCGAG,.,.
2025Sept Jess Msa 04,06F,2022426,ACGGCCGT,GCCAGATC,ACGGCCGT,GCCAGATC,.,.
2025Sept Jess Msa 04,06G,2022427,GTAATTAC,ACACAATA,GTAATTAC,ACACAATA,.,.
2025Sept Jess Msa 04,06H,2022428,CCACTAAT,CCTTCACG,CCACTAAT,CCTTCACG,.,.
2025Sept Jess Msa 04,07A,2022429,AGTTAGCA,TTATGCGC,AGTTAGCA,TTATGCGC,.,.
2025Sept Jess Msa 04,07B,2022430,AGGTCTTA,TCTCAGTA,AGGTCTTA,TCTCAGTA,.,.
2025Sept Jess Msa 04,07C,2022431,AACGCGGA,AGTATACG,AACGCGGA,AGTATACG,.,.
2025Sept Jess Msa 04,07D,2022432,TGCAACCT,TACACGCT,TGCAACCT,TACACGCT,.,.
2025Sept Jess Msa 04,07E,2022433,CATGGTTC,TCCGATAG,CATGGTTC,TCCGATAG,.,.
2025Sept Jess Msa 04,07F,2022434,CTAGACCA,CTCAAGGC,CTAGACCA,CTCAAGGC,.,.
2025Sept Jess Msa 04,07G,2022435,GGCGTGCC,TTCCGCAA,GGCGTGCC,TTCCGCAA,.,.
2025Sept Jess Msa 04,07H,2022436,GTCCAGCA,CCTGAACC,GTCCAGCA,CCTGAACC,.,.
2025Sept Jess Msa 04,08A,2022437,GTATTAAT,GAGATAAC,GTATTAAT,GAGATAAC,.,.
2025Sept Jess Msa 04,08B,2022438,TGTGACTA,ATGCACCT,TGTGACTA,ATGCACCT,.,.
2025Sept Jess Msa 04,08C,2022439,GCATCTTG,TACTGCAG,GCATCTTG,TACTGCAG,.,.
2025Sept Jess Msa 04,08D,2022440,AGTCTCGT,GTTCACAA,AGTCTCGT,GTTCACAA,.,.
2025Sept Jess Msa 04,08E,2022441,CGCCATTG,GGCTCTTG,CGCCATTG,GGCTCTTG,.,.
2025Sept Jess Msa 04,08F,2022442,CGAATTAG,AGACGCTG,CGAATTAG,AGACGCTG,.,.
2025Sept Jess Msa 04,08G,2022443,AGACCATG,CGTAATAG,AGACCATG,CGTAATAG,.,.
2025Sept Jess Msa 04,08H,2022444,CACAGTAT,ACGCTGTC,CACAGTAT,ACGCTGTC,.,.
2025Sept Jess Msa 04,09A,2022445,TTGTCGGC,CACTCTCC,TTGTCGGC,CACTCTCC,.,.
2025Sept Jess Msa 04,09B,2022446,GTTATATC,CGCTTCTG,GTTATATC,CGCTTCTG,.,.
2025Sept Jess Msa 04,09C,2022447,ACCGGCGA,GGTGTCTT,ACCGGCGA,GGTGTCTT,.,.
2025Sept Jess Msa 04,09D,2022448,GAGAGTCT,GAATTCTC,GAGAGTCT,GAATTCTC,.,.
2025Sept Jess Msa 04,09E,2022449,TATGTCTC,GCACTAGA,TATGTCTC,GCACTAGA,.,.
2025Sept Jess Msa 04,09F,2022450,AATGATAC,TCCACCTT,AATGATAC,TCCACCTT,.,.
2025Sept Jess Msa 04,09G,2022451,CTAAGCGG,TTGAGTCT,CTAAGCGG,TTGAGTCT,.,.
2025Sept Jess Msa 04,09H,2022452,ATCTGTGA,TTCGTTGT,ATCTGTGA,TTCGTTGT,.,.
2025Sept Jess Msa 04,10A,2022453,GGACAAGT,TTGGTCAC,GGACAAGT,TTGGTCAC,.,.
2025Sept Jess Msa 04,10B,2022454,ATTAAGTG,AGACTTAG,ATTAAGTG,AGACTTAG,.,.
2025Sept Jess Msa 04,10C,2022455,CTGGAATG,ATATGGGA,CTGGAATG,ATATGGGA,.,.
2025Sept Jess Msa 04,10D,2022456,ATAACGAG,ATTGTCCA,ATAACGAG,ATTGTCCA,.,.
2025Sept Jess Msa 04,10E,2022457,TGGCTTCT,ACAAACTG,TGGCTTCT,ACAAACTG,.,.
2025Sept Jess Msa 04,10F,2022458,ACCGATTA,GAAGAGGG,ACCGATTA,GAAGAGGG,.,.
2025Sept Jess Msa 04,10G,2022459,TGGTCCGG,GATCGGTC,TGGTCCGG,GATCGGTC,.,.
2025Sept Jess Msa 04,10H,2022460,TCTAAGTC,GGATGAAA,TCTAAGTC,GGATGAAA,.,.
2025Sept Jess Msa 04,11A,2022461,GTGCATTC,TAGATCGC,GTGCATTC,TAGATCGC,.,.
2025Sept Jess Msa 04,11B,2022462,GATACACG,TATCCTCT,GATACACG,TATCCTCT,.,.
2025Sept Jess Msa 04,11C,2022463,CAATGAAT,AGAGTAGA,CAATGAAT,AGAGTAGA,.,.
2025Sept Jess Msa 04,11D,2022464,GAGTCGAG,GTAAGGAG,GAGTCGAG,GTAAGGAG,.,.
2025Sept Jess Msa 04,11E,2022465,ACGAGAGC,ACTGCATA,ACGAGAGC,ACTGCATA,.,.
2025Sept Jess Msa 04,11F,2022466,TGAGGTCC,AAGGAGTA,TGAGGTCC,AAGGAGTA,.,.
2025Sept Jess Msa 04,11G,2022467,AGAGACTC,CGTCTAAT,AGAGACTC,CGTCTAAT,.,.
2025Sept Jess Msa 04,11H,2022468,GCTCCGTT,TCTCTCCG,GCTCCGTT,TCTCTCCG,.,.
2025Sept Jess Msa 04,12A,2022469,ACATCACA,TCGACTAG,ACATCACA,TCGACTAG,.,.
2025Sept Jess Msa 04,12B,2022470,AAGACAAG,TTCTAGCT,AAGACAAG,TTCTAGCT,.,.
2025Sept Jess Msa 04,12C,2022471,CTCGTGCA,CCTAGAGT,CTCGTGCA,CCTAGAGT,.,.
2025Sept Jess Msa 04,12D,2022472,AATAGCAC,GCGTAAGA,AATAGCAC,GCGTAAGA,.,.
2025Sept Jess Msa 04,12E,2022473,CACTAAGG,CTATTAAG,CACTAAGG,CTATTAAG,.,.
2025Sept Jess Msa 04,12F,2022474,GTCGGCAT,AAGGCTAT,GTCGGCAT,AAGGCTAT,.,.
2025Sept Jess Msa 04,12G,2022475,GACGCTAG,GAGCCTTA,GACGCTAG,GAGCCTTA,.,.
2025Sept Jess Msa 04,12H,neg5,CGTAGGCA,TTATGCGA,CGTAGGCA,TTATGCGA,.,.
2025Sept Jess Msa 05,01A,2022476,GTTCTAGT,CTACAAGA,GTTCTAGT,CTACAAGA,.,.
2025Sept Jess Msa 05,01B,2022477,AAGAGGTG,TATAGTAG,AAGAGGTG,TATAGTAG,.,.
2025Sept Jess Msa 05,01C,2022478,GATCTGGC,TGCCTGGT,GATCTGGC,TGCCTGGT,.,.
2025Sept Jess Msa 05,01D,2022479,GAATCCAA,ACATTATC,GAATCCAA,ACATTATC,.,.
2025Sept Jess Msa 05,01E,2022480,CGGCTAGT,GTCCACTT,CGGCTAGT,GTCCACTT,.,.
2025Sept Jess Msa 05,01F,2022481,GCTTGCCG,GTTGATAG,GCTTGCCG,GTTGATAG,.,.
2025Sept Jess Msa 05,01G,2022482,CCTGTTGC,ACCAGCGA,CCTGTTGC,ACCAGCGA,.,.
2025Sept Jess Msa 05,01H,2022483,TGACTGGT,CATACACT,TGACTGGT,CATACACT,.,.
2025Sept Jess Msa 05,02A,2022484,GATTCCGG,GTGTGGCG,GATTCCGG,GTGTGGCG,.,.
2025Sept Jess Msa 05,02B,2022485,TAAGGTGG,ATCACGAA,TAAGGTGG,ATCACGAA,.,.
2025Sept Jess Msa 05,02C,2022486,ACTGCAAC,CGGCTCTA,ACTGCAAC,CGGCTCTA,.,.
2025Sept Jess Msa 05,02D,2022487,AACGCACC,TCGGCAGC,AACGCACC,TCGGCAGC,.,.
2025Sept Jess Msa 05,02E,2022488,TTACGCCG,GGCCTGTC,TTACGCCG,GGCCTGTC,.,.
2025Sept Jess Msa 05,02F,2022489,CTGATGTC,CTGTGTTA,CTGATGTC,CTGTGTTA,.,.
2025Sept Jess Msa 05,02G,2022490,AGGAGGAA,TAAGGAAC,AGGAGGAA,TAAGGAAC,.,.
2025Sept Jess Msa 05,02H,2022491,CTTACACA,AATAGAGC,CTTACACA,AATAGAGC,.,.
2025Sept Jess Msa 05,03A,2022492,TGGACGCA,TCCGACCT,TGGACGCA,TCCGACCT,.,.
2025Sept Jess Msa 05,03B,2022493,ACGCACCT,CTTATGGA,ACGCACCT,CTTATGGA,.,.
2025Sept Jess Msa 05,03C,2022494,CTGGCCAA,GCTTACGG,CTGGCCAA,GCTTACGG,.,.
2025Sept Jess Msa 05,03D,2022495,TCTGGCCT,GAACATAC,TCTGGCCT,GAACATAC,.,.
2025Sept Jess Msa 05,03E,2022496,TTAATGCT,GTCGATTA,TTAATGCT,GTCGATTA,.,.
2025Sept Jess Msa 05,03F,2022497,TGAGTAAT,ACTAGCCG,TGAGTAAT,ACTAGCCG,.,.
2025Sept Jess Msa 05,03G,2022498,CTCTGCGC,TGGCAATA,CTCTGCGC,TGGCAATA,.,.
2025Sept Jess Msa 05,03H,2022499,GTATGGCG,TACCATCC,GTATGGCG,TACCATCC,.,.
2025Sept Jess Msa 05,04A,2022500,CATATAAC,GCTGTAGG,CATATAAC,GCTGTAGG,.,.
2025Sept Jess Msa 05,04B,2022501,TGCGAGTG,CGCACTAA,TGCGAGTG,CGCACTAA,.,.
2025Sept Jess Msa 05,04C,2022502,GAGCCGGT,AGTGGTCA,GAGCCGGT,AGTGGTCA,.,.
2025Sept Jess Msa 05,04D,2022503,CGGTCTAT,TTCTATGG,CGGTCTAT,TTCTATGG,.,.
2025Sept Jess Msa 05,04E,2022504,TCAACCAC,AATCCGGC,TCAACCAC,AATCCGGC,.,.
2025Sept Jess Msa 05,04F,2022505,TATTCAGT,CCATAAGG,TATTCAGT,CCATAAGG,.,.
2025Sept Jess Msa 05,04G,2022506,ATTATGGA,CTGGTACA,ATTATGGA,CTGGTACA,.,.
2025Sept Jess Msa 05,04H,2022507,TGGTTAAG,TCAACGTG,TGGTTAAG,TCAACGTG,.,.
2025Sept Jess Msa 05,05A,2022508,CAGTTCTG,ACTGTTGT,CAGTTCTG,ACTGTTGT,.,.
2025Sept Jess Msa 05,05B,2022509,TGAACCTG,AGCACATC,TGAACCTG,AGCACATC,.,.
2025Sept Jess Msa 05,05C,2022510,AACCTTGG,TTCCGTCG,AACCTTGG,TTCCGTCG,.,.
2025Sept Jess Msa 05,05D,2022511,TTCTCTCG,CTTAACCA,TTCTCTCG,CTTAACCA,.,.
2025Sept Jess Msa 05,05E,2022512,ACATTGCG,GCCTCGGA,ACATTGCG,GCCTCGGA,.,.
2025Sept Jess Msa 05,05F,2022513,GGTCTTAG,ATAGACCG,GGTCTTAG,ATAGACCG,.,.
2025Sept Jess Msa 05,05G,2022514,GGATGTAG,ACAGTTCC,GGATGTAG,ACAGTTCC,.,.
2025Sept Jess Msa 05,05H,2022515,TGAGCTAG,AGGCATGT,TGAGCTAG,AGGCATGT,.,.
2025Sept Jess Msa 05,06A,2022516,TTGGTGAG,TTGGCTCC,TTGGTGAG,TTGGCTCC,.,.
2025Sept Jess Msa 05,06B,2022517,TATGGCAG,TTACAATT,TATGGCAG,TTACAATT,.,.
2025Sept Jess Msa 05,06C,2022518,GCTGTAAG,AACCTAGC,GCTGTAAG,AACCTAGC,.,.
2025Sept Jess Msa 05,06D,2022519,TAGAGCTC,GGAATTCC,TAGAGCTC,GGAATTCC,.,.
2025Sept Jess Msa 05,06E,2022520,GCAAGATC,AAGCGCGC,GCAAGATC,AAGCGCGC,.,.
2025Sept Jess Msa 05,06F,2022521,ACATAGGC,TGAGCGTT,ACATAGGC,TGAGCGTT,.,.
2025Sept Jess Msa 05,06G,2022522,AAGAAGGC,ATCATAGG,AAGAAGGC,ATCATAGG,.,.
2025Sept Jess Msa 05,06H,2022523,GACATTCC,TGTTAGAA,GACATTCC,TGTTAGAA,.,.
2025Sept Jess Msa 05,07A,2022524,GGAAGCTA,GATGGATG,GGAAGCTA,GATGGATG,.,.
2025Sept Jess Msa 05,07B,2022525,GTGCCATA,ACGGCCGT,GTGCCATA,ACGGCCGT,.,.
2025Sept Jess Msa 05,07C,2022526,CTAGGTGA,CGTTGCTT,CTAGGTGA,CGTTGCTT,.,.
2025Sept Jess Msa 05,07D,2022527,CTCCTAGA,TGACTACA,CTCCTAGA,TGACTACA,.,.
2025Sept Jess Msa 05,07E,2022528,CCGTAAGA,CGGCCTCG,CCGTAAGA,CGGCCTCG,.,.
2025Sept Jess Msa 05,07F,2022529,GCACGTAA,CAAGCATC,GCACGTAA,CAAGCATC,.,.
2025Sept Jess Msa 05,07G,2022530,ACCTGGAA,TCGTCTGA,ACCTGGAA,TCGTCTGA,.,.
2025Sept Jess Msa 05,07H,2022531,CGTTGCAA,AGACACAT,CGTTGCAA,AGACACAT,.,.
2025Sept Jess Msa 05,08A,2022532,TGCACCAA,GCGCGATG,TGCACCAA,GCGCGATG,.,.
2025Sept Jess Msa 05,08B,2022533,ATATACGG,GATACCTC,ATATACGG,GATACCTC,.,.
2025Sept Jess Msa 05,08C,2022534,CATTCGGC,GAACCATG,CATTCGGC,GAACCATG,.,.
2025Sept Jess Msa 05,08D,2022535,AACCGGAG,GGCCATCA,AACCGGAG,GGCCATCA,.,.
2025Sept Jess Msa 05,08E,2022536,GAAGTTCG,TATGTGCA,GAAGTTCG,TATGTGCA,.,.
2025Sept Jess Msa 05,08F,2022537,GACAGCGT,ATGTAGAC,GACAGCGT,ATGTAGAC,.,.
2025Sept Jess Msa 05,08G,2022538,ACTTACAG,CACATCGG,ACTTACAG,CACATCGG,.,.
2025Sept Jess Msa 05,08H,2022539,GTACCTGA,TTAAGTTG,GTACCTGA,TTAAGTTG,.,.
2025Sept Jess Msa 05,09A,2022540,CGTCGGAT,CGGACAGT,CGTCGGAT,CGGACAGT,.,.
2025Sept Jess Msa 05,09B,2022541,GGCTACGT,TCCACGGC,GGCTACGT,TCCACGGC,.,.
2025Sept Jess Msa 05,09C,2022542,GTTCGTCT,TGTGATGT,GTTCGTCT,TGTGATGT,.,.
2025Sept Jess Msa 05,09D,2022543,GGTGTGGA,GAGCGCAA,GGTGTGGA,GAGCGCAA,.,.
2025Sept Jess Msa 05,09E,2022544,GCTGATTC,ATCTTACT,GCTGATTC,ATCTTACT,.,.
2025Sept Jess Msa 05,09F,2022545,AGCCGTTA,ATGTCGTG,AGCCGTTA,ATGTCGTG,.,.
2025Sept Jess Msa 05,09G,2022546,ATATCCTC,GTAGCCAT,ATATCCTC,GTAGCCAT,.,.
2025Sept Jess Msa 05,09H,2022547,ACAATCTC,TGGTTAAG,ACAATCTC,TGGTTAAG,.,.
2025Sept Jess Msa 05,10A,2022548,AGACTCAA,TGTTGTTC,AGACTCAA,TGTTGTTC,.,.
2025Sept Jess Msa 05,10B,2022549,CACACTGC,CCAACAAC,CACACTGC,CCAACAAC,.,.
2025Sept Jess Msa 05,10C,2022550,TCTCACGG,ACCGGCTC,TCTCACGG,ACCGGCTC,.,.
2025Sept Jess Msa 05,10D,2022551,TACCCTTT,GTTAATCT,TACCCTTT,GTTAATCT,.,.
2025Sept Jess Msa 05,10E,2022552,ACGTTCTT,TCCAAGAA,ACGTTCTT,TCCAAGAA,.,.
2025Sept Jess Msa 05,10F,2022553,GAAATGTC,CCGAACGT,GAAATGTC,CCGAACGT,.,.
2025Sept Jess Msa 05,10G,2022554,CGTACTAG,TAACCGCC,CGTACTAG,TAACCGCC,.,.
2025Sept Jess Msa 05,10H,2022555,AGGCAGAA,CTCCGTGC,AGGCAGAA,CTCCGTGC,.,.
2025Sept Jess Msa 05,11A,2022556,TCCTGAGC,CATTCCAG,TCCTGAGC,CATTCCAG,.,.
2025Sept Jess Msa 05,11B,2022557,GGACTCCT,GGTTATGC,GGACTCCT,GGTTATGC,.,.
2025Sept Jess Msa 05,11C,2022558,TAGGCATG,ACCACACG,TAGGCATG,ACCACACG,.,.
2025Sept Jess Msa 05,11D,2022559,CAGAGAGG,TAGGTTCT,CAGAGAGG,TAGGTTCT,.,.
2025Sept Jess Msa 05,11E,2022560,GCTACGCT,TATGGCTC,GCTACGCT,TATGGCTC,.,.
2025Sept Jess Msa 05,11F,2022561,CGAGGCTG,CTCGTGCG,CGAGGCTG,CTCGTGCG,.,.
2025Sept Jess Msa 05,11G,2022562,AAGAGGCA,CCAGTTGG,AAGAGGCA,CCAGTTGG,.,.
2025Sept Jess Msa 05,11H,2022563,GTAGAGGA,AACCGCAT,GTAGAGGA,AACCGCAT,.,.
2025Sept Jess Msa 05,12A,2022564,GCTCATGA,CGAAGGTT,GCTCATGA,CGAAGGTT,.,.
2025Sept Jess Msa 05,12B,2022565,ATCTCAGG,AGTGCCAC,ATCTCAGG,AGTGCCAC,.,.
2025Sept Jess Msa 05,12C,2022566,ACTCGCTA,GAACAAGT,ACTCGCTA,GAACAAGT,.,.
2025Sept Jess Msa 05,12D,2022567,GGAGCTAC,ACGATTGC,GGAGCTAC,ACGATTGC,.,.
2025Sept Jess Msa 05,12E,2022568,GCGTAGTA,ACGCTAAT,GCGTAGTA,ACGCTAAT,.,.
2025Sept Jess Msa 05,12F,2022569,CGGAGCCT,CGGTTATT,CGGAGCCT,CGGTTATT,.,.
2025Sept Jess Msa 05,12G,2022570,TACGCTGC,CATGTAGA,TACGCTGC,CATGTAGA,.,.
2025Sept Jess Msa 05,12H,neg6,ATGCGCAG,GATTGTCA,ATGCGCAG,GATTGTCA,.,.
2025Sept Jess Msa 06,01A,2022571,GTCAGATA,TATCATGA,GTCAGATA,TATCATGA,.,.
2025Sept Jess Msa 06,01B,2022572,TCTCATAT,CTCACACA,TCTCATAT,CTCACACA,.,.
2025Sept Jess Msa 06,01C,2022573,TCCATAAG,GAATTGAG,TCCATAAG,GAATTGAG,.,.
2025Sept Jess Msa 06,01D,2022574,CGAGATTA,CGGATTAT,CGAGATTA,CGGATTAT,.,.
2025Sept Jess Msa 06,01E,2022575,CATCGCGC,TTGAAGCA,CATCGCGC,TTGAAGCA,.,.
2025Sept Jess Msa 06,01F,2022576,TCAAGGCA,TACGGCGA,TCAAGGCA,TACGGCGA,.,.
2025Sept Jess Msa 06,01G,2022577,CTGAGTAG,TCTCCATT,CTGAGTAG,TCTCCATT,.,.
2025Sept Jess Msa 06,01H,2022578,TCAGACGA,CGAGACCA,TCAGACGA,CGAGACCA,.,.
2025Sept Jess Msa 06,02A,2022579,GTATGTTC,TGCTGGAC,GTATGTTC,TGCTGGAC,.,.
2025Sept Jess Msa 06,02B,2022580,AGCGGCAC,GATGGTAT,AGCGGCAC,GATGGTAT,.,.
2025Sept Jess Msa 06,02C,2022581,GTTACGGC,GGCTTAAT,GTTACGGC,GGCTTAAT,.,.
2025Sept Jess Msa 06,02D,2022582,GAATGGTT,CTCGACTC,GAATGGTT,CTCGACTC,.,.
2025Sept Jess Msa 06,02E,2022583,AGGCAACC,TCTCGGAC,AGGCAACC,TCTCGGAC,.,.
2025Sept Jess Msa 06,02F,2022584,ATCATTAG,AGTCCGAG,ATCATTAG,AGTCCGAG,.,.
2025Sept Jess Msa 06,02G,2022585,TAGGCCGA,TACTCTGT,TAGGCCGA,TACTCTGT,.,.
2025Sept Jess Msa 06,02H,2022586,GGTTGACT,GCGACTCG,GGTTGACT,GCGACTCG,.,.
2025Sept Jess Msa 06,03A,2022587,GCCTTGTT,CTAGGCAA,GCCTTGTT,CTAGGCAA,.,.
2025Sept Jess Msa 06,03B,2022588,CTACATAC,TCATCCTC,CTACATAC,TCATCCTC,.,.
2025Sept Jess Msa 06,03C,2022589,CCATAGAA,GGTAAGAT,CCATAGAA,GGTAAGAT,.,.
2025Sept Jess Msa 06,03D,2022590,AGCATCCA,TAGACAAT,AGCATCCA,TAGACAAT,.,.
2025Sept Jess Msa 06,03E,2022591,CGCACTCT,CAATGCTG,CGCACTCT,CAATGCTG,.,.
2025Sept Jess Msa 06,03F,2022592,GACACGCA,GTCACGGT,GACACGCA,GTCACGGT,.,.
2025Sept Jess Msa 06,03G,2022593,AGTGTATG,GGTGTACA,AGTGTATG,GGTGTACA,.,.
2025Sept Jess Msa 06,03H,2022594,ATTATACG,TAATACGG,ATTATACG,TAATACGG,.,.
2025Sept Jess Msa 06,04A,2022595,TAACTCGC,CGAAGACG,TAACTCGC,CGAAGACG,.,.
2025Sept Jess Msa 06,04B,2022596,CGGCCGTA,TCTCACGC,CGGCCGTA,TCTCACGC,.,.
2025Sept Jess Msa 06,04C,2022597,TAATCGAC,TCGAATGG,TAATCGAC,TCGAATGG,.,.
2025Sept Jess Msa 06,04D,2022598,ATCGGCTG,TGAACGCA,ATCGGCTG,TGAACGCA,.,.
2025Sept Jess Msa 06,04E,2022599,TCGGCAAT,CCGCTTAG,TCGGCAAT,CCGCTTAG,.,.
2025Sept Jess Msa 06,04F,2022600,ATCTCGCC,CACCGAGG,ATCTCGCC,CACCGAGG,.,.
2025Sept Jess Msa 06,04G,2022601,GCGAGCCA,ATTCATTG,GCGAGCCA,ATTCATTG,.,.
2025Sept Jess Msa 06,04H,2022602,TTATTCTA,TCATGTCC,TTATTCTA,TCATGTCC,.,.
2025Sept Jess Msa 06,05A,2022603,CCTGGATA,AATTCGAT,CCTGGATA,AATTCGAT,.,.
2025Sept Jess Msa 06,05B,2022604,CACCATGT,AGCTCTCA,CACCATGT,AGCTCTCA,.,.
2025Sept Jess Msa 06,05C,2022605,AATTGTAA,TCTGGAAT,AATTGTAA,TCTGGAAT,.,.
2025Sept Jess Msa 06,05D,2022606,GAGGAATA,ATTAGTGG,GAGGAATA,ATTAGTGG,.,.
2025Sept Jess Msa 06,05E,2022607,CGCACGAG,CGTTCGGA,CGCACGAG,CGTTCGGA,.,.
2025Sept Jess Msa 06,05F,2022608,TATCCTAA,TGGTATAC,TATCCTAA,TGGTATAC,.,.
2025Sept Jess Msa 06,05G,2022609,CGCTTCGG,GCTCTCGT,CGCTTCGG,GCTCTCGT,.,.
2025Sept Jess Msa 06,05H,2022610,GCTAATCA,CTGTGAGC,GCTAATCA,CTGTGAGC,.,.
2025Sept Jess Msa 06,06A,2022611,CACTGTTA,TCACAGAT,CACTGTTA,TCACAGAT,.,.
2025Sept Jess Msa 06,06B,2022612,TGCGCGGT,AGAAGCCA,TGCGCGGT,AGAAGCCA,.,.
2025Sept Jess Msa 06,06C,2022613,GCGCGAAC,AACATCTA,GCGCGAAC,AACATCTA,.,.
2025Sept Jess Msa 06,06D,2022614,ATGTGTCT,CCTTACTA,ATGTGTCT,CCTTACTA,.,.
2025Sept Jess Msa 06,06E,2022615,CGGAACAA,GTGGCGAG,CGGAACAA,GTGGCGAG,.,.
2025Sept Jess Msa 06,06F,2022616,GAGTACTT,GCCAGATC,GAGTACTT,GCCAGATC,.,.
2025Sept Jess Msa 06,06G,2022617,TGTACACC,ACACAATA,TGTACACC,ACACAATA,.,.
2025Sept Jess Msa 06,06H,2022618,CATAAGGT,CCTTCACG,CATAAGGT,CCTTCACG,.,.
2025Sept Jess Msa 06,07A,2022619,CTGCAGCG,TTATGCGC,CTGCAGCG,TTATGCGC,.,.
2025Sept Jess Msa 06,07B,2022620,TGGTATCC,TCTCAGTA,TGGTATCC,TCTCAGTA,.,.
2025Sept Jess Msa 06,07C,2022621,CAAGCCAG,AGTATACG,CAAGCCAG,AGTATACG,.,.
2025Sept Jess Msa 06,07D,2022622,TGCCTTAC,TACACGCT,TGCCTTAC,TACACGCT,.,.
2025Sept Jess Msa 06,07E,2022623,TCTACATG,TCCGATAG,TCTACATG,TCCGATAG,.,.
2025Sept Jess Msa 06,07F,2022624,AGCGTGTA,CTCAAGGC,AGCGTGTA,CTCAAGGC,.,.
2025Sept Jess Msa 06,07G,2022625,TTCAAGCG,TTCCGCAA,TTCAAGCG,TTCCGCAA,.,.
2025Sept Jess Msa 06,07H,2022626,ATAGATTG,CCTGAACC,ATAGATTG,CCTGAACC,.,.
2025Sept Jess Msa 06,08A,2022627,ATTCCACC,GAGATAAC,ATTCCACC,GAGATAAC,.,.
2025Sept Jess Msa 06,08B,2022628,TCCGTCCA,ATGCACCT,TCCGTCCA,ATGCACCT,.,.
2025Sept Jess Msa 06,08C,2022629,CCGGTCAG,TACTGCAG,CCGGTCAG,TACTGCAG,.,.
2025Sept Jess Msa 06,08D,2022630,CTCAATTC,GTTCACAA,CTCAATTC,GTTCACAA,.,.
2025Sept Jess Msa 06,08E,2022631,AATGGAGA,GGCTCTTG,AATGGAGA,GGCTCTTG,.,.
2025Sept Jess Msa 06,08F,2022632,ATGCATGT,AGACGCTG,ATGCATGT,AGACGCTG,.,.
2025Sept Jess Msa 06,08G,2022633,GGCGCCTG,CGTAATAG,GGCGCCTG,CGTAATAG,.,.
2025Sept Jess Msa 06,08H,2022634,CGTTATGT,ACGCTGTC,CGTTATGT,ACGCTGTC,.,.
2025Sept Jess Msa 06,09A,2022635,GCAATCGT,CACTCTCC,GCAATCGT,CACTCTCC,.,.
2025Sept Jess Msa 06,09B,2022636,ACGCAATA,CGCTTCTG,ACGCAATA,CGCTTCTG,.,.
2025Sept Jess Msa 06,09C,2022637,TACTCATG,GGTGTCTT,TACTCATG,GGTGTCTT,.,.
2025Sept Jess Msa 06,09D,2022638,TAGAATTA,GAATTCTC,TAGAATTA,GAATTCTC,.,.
2025Sept Jess Msa 06,09E,2022639,ATTAGCGT,GCACTAGA,ATTAGCGT,GCACTAGA,.,.
2025Sept Jess Msa 06,09F,2022640,TAACAAGG,TCCACCTT,TAACAAGG,TCCACCTT,.,.
2025Sept Jess Msa 06,09G,2022641,ATGGCTAC,TTGAGTCT,ATGGCTAC,TTGAGTCT,.,.
2025Sept Jess Msa 06,09H,2022642,GAATTGGA,TTCGTTGT,GAATTGGA,TTCGTTGT,.,.
2025Sept Jess Msa 06,10A,2022643,CGGCGAAG,TTGGTCAC,CGGCGAAG,TTGGTCAC,.,.
2025Sept Jess Msa 06,10B,2022644,GTGACCGA,AGACTTAG,GTGACCGA,AGACTTAG,.,.
2025Sept Jess Msa 06,10C,2022645,ACTTGTTC,ATATGGGA,ACTTGTTC,ATATGGGA,.,.
2025Sept Jess Msa 06,10D,2022646,TACAGGAA,ATTGTCCA,TACAGGAA,ATTGTCCA,.,.
2025Sept Jess Msa 06,10E,2022647,TGACGTTG,ACAAACTG,TGACGTTG,ACAAACTG,.,.
2025Sept Jess Msa 06,10F,2022648,AATAACCG,GAAGAGGG,AATAACCG,GAAGAGGG,.,.
2025Sept Jess Msa 06,10G,2022649,AGCCAAGA,GATCGGTC,AGCCAAGA,GATCGGTC,.,.
2025Sept Jess Msa 06,10H,2022650,CGGTGTGA,GGATGAAA,CGGTGTGA,GGATGAAA,.,.
2025Sept Jess Msa 06,11A,2022651,GTAACGTT,TAGATCGC,GTAACGTT,TAGATCGC,.,.
2025Sept Jess Msa 06,11B,2022652,CGAGGCCG,TATCCTCT,CGAGGCCG,TATCCTCT,.,.
2025Sept Jess Msa 06,11C,2022653,GCCTCTGT,AGAGTAGA,GCCTCTGT,AGAGTAGA,.,.
2025Sept Jess Msa 06,11D,2022654,GGTTCCTA,GTAAGGAG,GGTTCCTA,GTAAGGAG,.,.
2025Sept Jess Msa 06,11E,2022655,ATACCTAT,ACTGCATA,ATACCTAT,ACTGCATA,.,.
2025Sept Jess Msa 06,11F,2022656,CGTGAAGG,AAGGAGTA,CGTGAAGG,AAGGAGTA,.,.
2025Sept Jess Msa 06,11G,2022657,TATTGGCC,CGTCTAAT,TATTGGCC,CGTCTAAT,.,.
2025Sept Jess Msa 06,11H,2022658,TCCAATTG,TCTCTCCG,TCCAATTG,TCTCTCCG,.,.
2025Sept Jess Msa 06,12A,2022659,CAGCAATT,TCGACTAG,CAGCAATT,TCGACTAG,.,.
2025Sept Jess Msa 06,12B,2022660,GCGTATAG,TTCTAGCT,GCGTATAG,TTCTAGCT,.,.
2025Sept Jess Msa 06,12C,2022661,GAGAATAC,CCTAGAGT,GAGAATAC,CCTAGAGT,.,.
2025Sept Jess Msa 06,12D,2022662,CAGCGGTC,GCGTAAGA,CAGCGGTC,GCGTAAGA,.,.
2025Sept Jess Msa 06,12E,2022663,TCGGAGTT,CTATTAAG,TCGGAGTT,CTATTAAG,.,.
2025Sept Jess Msa 06,12F,2022664,AATATTCA,AAGGCTAT,AATATTCA,AAGGCTAT,.,.
2025Sept Jess Msa 06,12G,2022665,ATGCGGTT,GAGCCTTA,ATGCGGTT,GAGCCTTA,.,.
2025Sept Jess Msa 06,12H,neg7,GACGGAGC,TTATGCGA,GACGGAGC,TTATGCGA,.,.
2025Sept Jess Msa 07,01A,2022666,TTCCATCT,CTACAAGA,TTCCATCT,CTACAAGA,.,.
2025Sept Jess Msa 07,01B,2022667,AACGGTGT,TATAGTAG,AACGGTGT,TATAGTAG,.,.
2025Sept Jess Msa 07,01C,2022668,TTGTTATC,TGCCTGGT,TTGTTATC,TGCCTGGT,.,.
2025Sept Jess Msa 07,01D,2022669,TATGCGAT,ACATTATC,TATGCGAT,ACATTATC,.,.
2025Sept Jess Msa 07,01E,2022670,TGACAATC,GTCCACTT,TGACAATC,GTCCACTT,.,.
2025Sept Jess Msa 07,01F,2022671,GTTGTTGG,GTTGATAG,GTTGTTGG,GTTGATAG,.,.
2025Sept Jess Msa 07,01G,2022672,GCGTTCGC,ACCAGCGA,GCGTTCGC,ACCAGCGA,.,.
2025Sept Jess Msa 07,01H,2022673,CCACCGCT,CATACACT,CCACCGCT,CATACACT,.,.
2025Sept Jess Msa 07,02A,2022674,TGTTCGTC,GTGTGGCG,TGTTCGTC,GTGTGGCG,.,.
2025Sept Jess Msa 07,02B,2022675,CGAATATA,ATCACGAA,CGAATATA,ATCACGAA,.,.
2025Sept Jess Msa 07,02C,2022676,TCGTCGCG,CGGCTCTA,TCGTCGCG,CGGCTCTA,.,.
2025Sept Jess Msa 07,02D,2022677,TCCGAGGC,TCGGCAGC,TCCGAGGC,TCGGCAGC,.,.
2025Sept Jess Msa 07,02E,2022678,CTGTCTCA,GGCCTGTC,CTGTCTCA,GGCCTGTC,.,.
2025Sept Jess Msa 07,02F,2022679,TGCGAACA,CTGTGTTA,TGCGAACA,CTGTGTTA,.,.
2025Sept Jess Msa 07,02G,2022680,TTCTTGGA,TAAGGAAC,TTCTTGGA,TAAGGAAC,.,.
2025Sept Jess Msa 07,02H,2022681,CCTACAGC,AATAGAGC,CCTACAGC,AATAGAGC,.,.
2025Sept Jess Msa 07,03A,2022682,CCAGGTAT,TCCGACCT,CCAGGTAT,TCCGACCT,.,.
2025Sept Jess Msa 07,03B,2022683,GGTCCAAC,CTTATGGA,GGTCCAAC,CTTATGGA,.,.
2025Sept Jess Msa 07,03C,2022684,AACTTGGT,GCTTACGG,AACTTGGT,GCTTACGG,.,.
2025Sept Jess Msa 07,03D,2022685,CGCCACAC,GAACATAC,CGCCACAC,GAACATAC,.,.
2025Sept Jess Msa 07,03E,2022686,CTACTGCC,GTCGATTA,CTACTGCC,GTCGATTA,.,.
2025Sept Jess Msa 07,03F,neg,CCTTAATC,ACTAGCCG,CCTTAATC,ACTAGCCG,.,.
2025Sept Jess Msa 07,03G,2022688,CACGAGAC,TGGCAATA,CACGAGAC,TGGCAATA,.,.
2025Sept Jess Msa 07,03H,2022689,CTGGTTGT,TACCATCC,CTGGTTGT,TACCATCC,.,.
2025Sept Jess Msa 07,04A,2022690,ATTCTGCT,GCTGTAGG,ATTCTGCT,GCTGTAGG,.,.
2025Sept Jess Msa 07,04B,2022691,CACGACTG,CGCACTAA,CACGACTG,CGCACTAA,.,.
2025Sept Jess Msa 07,04C,2022692,GGTTAGAC,AGTGGTCA,GGTTAGAC,AGTGGTCA,.,.
2025Sept Jess Msa 07,04D,2022693,CCGAGTTC,TTCTATGG,CCGAGTTC,TTCTATGG,.,.
2025Sept Jess Msa 07,04E,2022694,TGATAACT,AATCCGGC,TGATAACT,AATCCGGC,.,.
2025Sept Jess Msa 07,04F,2022695,CTCGGACT,CCATAAGG,CTCGGACT,CCATAAGG,.,.
2025Sept Jess Msa 07,04G,2022696,GGAACTGT,CTGGTACA,GGAACTGT,CTGGTACA,.,.
2025Sept Jess Msa 07,04H,2022697,TCGGATAA,TCAACGTG,TCGGATAA,TCAACGTG,.,.
2025Sept Jess Msa 07,05A,2022698,TAGACTAT,ACTGTTGT,TAGACTAT,ACTGTTGT,.,.
2025Sept Jess Msa 07,05B,2022699,TACCGCAC,AGCACATC,TACCGCAC,AGCACATC,.,.
2025Sept Jess Msa 07,05C,2022700,AGGATATC,TTCCGTCG,AGGATATC,TTCCGTCG,.,.
2025Sept Jess Msa 07,05D,2022701,ATACGCGA,CTTAACCA,ATACGCGA,CTTAACCA,.,.
2025Sept Jess Msa 07,05E,2022702,CTTAGAAT,GCCTCGGA,CTTAGAAT,GCCTCGGA,.,.
2025Sept Jess Msa 07,05F,2022703,GAAGCGCT,ATAGACCG,GAAGCGCT,ATAGACCG,.,.
2025Sept Jess Msa 07,05G,2022704,CTATCAAC,ACAGTTCC,CTATCAAC,ACAGTTCC,.,.
2025Sept Jess Msa 07,05H,2022705,GTTCGGTA,AGGCATGT,GTTCGGTA,AGGCATGT,.,.
2025Sept Jess Msa 07,06A,2022706,GCATAACC,TTGGCTCC,GCATAACC,TTGGCTCC,.,.
2025Sept Jess Msa 07,06B,2022707,GTGGAAGC,TTACAATT,GTGGAAGC,TTACAATT,.,.
2025Sept Jess Msa 07,06C,2022708,CCATATCT,AACCTAGC,CCATATCT,AACCTAGC,.,.
2025Sept Jess Msa 07,06D,2022709,TTCATATT,GGAATTCC,TTCATATT,GGAATTCC,.,.
2025Sept Jess Msa 07,06E,2022710,GGTATCTG,AAGCGCGC,GGTATCTG,AAGCGCGC,.,.
2025Sept Jess Msa 07,06F,2022712,ACGGCCGT,TGAGCGTT,ACGGCCGT,TGAGCGTT,.,.
2025Sept Jess Msa 07,06G,2022713,GTAATTAC,ATCATAGG,GTAATTAC,ATCATAGG,.,.
2025Sept Jess Msa 07,06H,2022714,CCACTAAT,TGTTAGAA,CCACTAAT,TGTTAGAA,.,.
2025Sept Jess Msa 07,07A,2022715,AGTTAGCA,GATGGATG,AGTTAGCA,GATGGATG,.,.
2025Sept Jess Msa 07,07B,2022716,AGGTCTTA,ACGGCCGT,AGGTCTTA,ACGGCCGT,.,.
2025Sept Jess Msa 07,07C,2022717,AACGCGGA,CGTTGCTT,AACGCGGA,CGTTGCTT,.,.
2025Sept Jess Msa 07,07D,2022718,TGCAACCT,TGACTACA,TGCAACCT,TGACTACA,.,.
2025Sept Jess Msa 07,07E,2022719,CATGGTTC,CGGCCTCG,CATGGTTC,CGGCCTCG,.,.
2025Sept Jess Msa 07,07F,2022720,CTAGACCA,CAAGCATC,CTAGACCA,CAAGCATC,.,.
2025Sept Jess Msa 07,07G,2022721,GGCGTGCC,TCGTCTGA,GGCGTGCC,TCGTCTGA,.,.
2025Sept Jess Msa 07,07H,2022722,GTCCAGCA,AGACACAT,GTCCAGCA,AGACACAT,.,.
2025Sept Jess Msa 07,08A,2022723,GTATTAAT,GCGCGATG,GTATTAAT,GCGCGATG,.,.
2025Sept Jess Msa 07,08B,2022724,TGTGACTA,GATACCTC,TGTGACTA,GATACCTC,.,.
2025Sept Jess Msa 07,08C,2022725,GCATCTTG,GAACCATG,GCATCTTG,GAACCATG,.,.
2025Sept Jess Msa 07,08D,2022726,AGTCTCGT,GGCCATCA,AGTCTCGT,GGCCATCA,.,.
2025Sept Jess Msa 07,08E,2022727,CGCCATTG,TATGTGCA,CGCCATTG,TATGTGCA,.,.
2025Sept Jess Msa 07,08F,2022728,CGAATTAG,ATGTAGAC,CGAATTAG,ATGTAGAC,.,.
2025Sept Jess Msa 07,08G,2022729,AGACCATG,CACATCGG,AGACCATG,CACATCGG,.,.
2025Sept Jess Msa 07,08H,2022730,CACAGTAT,TTAAGTTG,CACAGTAT,TTAAGTTG,.,.
2025Sept Jess Msa 07,09A,2019001,TTGTCGGC,CGGACAGT,TTGTCGGC,CGGACAGT,.,.
2025Sept Jess Msa 07,09B,2019002,GTTATATC,TCCACGGC,GTTATATC,TCCACGGC,.,.
2025Sept Jess Msa 07,09C,2019003,ACCGGCGA,TGTGATGT,ACCGGCGA,TGTGATGT,.,.
2025Sept Jess Msa 07,09D,2019004,GAGAGTCT,GAGCGCAA,GAGAGTCT,GAGCGCAA,.,.
2025Sept Jess Msa 07,09E,2019005,TATGTCTC,ATCTTACT,TATGTCTC,ATCTTACT,.,.
2025Sept Jess Msa 07,09F,2019006,AATGATAC,ATGTCGTG,AATGATAC,ATGTCGTG,.,.
2025Sept Jess Msa 07,09G,2019007,CTAAGCGG,GTAGCCAT,CTAAGCGG,GTAGCCAT,.,.
2025Sept Jess Msa 07,09H,2019008,ATCTGTGA,TGGTTAAG,ATCTGTGA,TGGTTAAG,.,.
2025Sept Jess Msa 07,10A,2019009,GGACAAGT,TGTTGTTC,GGACAAGT,TGTTGTTC,.,.
2025Sept Jess Msa 07,10B,2019010,ATTAAGTG,CCAACAAC,ATTAAGTG,CCAACAAC,.,.
2025Sept Jess Msa 07,10C,2019011,CTGGAATG,ACCGGCTC,CTGGAATG,ACCGGCTC,.,.
2025Sept Jess Msa 07,10D,2019012,ATAACGAG,GTTAATCT,ATAACGAG,GTTAATCT,.,.
2025Sept Jess Msa 07,10E,2019013,TGGCTTCT,TCCAAGAA,TGGCTTCT,TCCAAGAA,.,.
2025Sept Jess Msa 07,10F,2019014,ACCGATTA,CCGAACGT,ACCGATTA,CCGAACGT,.,.
2025Sept Jess Msa 07,10G,2019015,TGGTCCGG,TAACCGCC,TGGTCCGG,TAACCGCC,.,.
2025Sept Jess Msa 07,10H,2019016,TCTAAGTC,CTCCGTGC,TCTAAGTC,CTCCGTGC,.,.
2025Sept Jess Msa 07,11A,2019017,GTGCATTC,CATTCCAG,GTGCATTC,CATTCCAG,.,.
2025Sept Jess Msa 07,11B,2019018,GATACACG,GGTTATGC,GATACACG,GGTTATGC,.,.
2025Sept Jess Msa 07,11C,2019019,CAATGAAT,ACCACACG,CAATGAAT,ACCACACG,.,.
2025Sept Jess Msa 07,11D,2019020,GAGTCGAG,TAGGTTCT,GAGTCGAG,TAGGTTCT,.,.
2025Sept Jess Msa 07,11E,2019101,ACGAGAGC,TATGGCTC,ACGAGAGC,TATGGCTC,.,.
2025Sept Jess Msa 07,11F,2019102,TGAGGTCC,CTCGTGCG,TGAGGTCC,CTCGTGCG,.,.
2025Sept Jess Msa 07,11G,2019103,AGAGACTC,CCAGTTGG,AGAGACTC,CCAGTTGG,.,.
2025Sept Jess Msa 07,11H,2019104,GCTCCGTT,AACCGCAT,GCTCCGTT,AACCGCAT,.,.
2025Sept Jess Msa 07,12A,2019105,ACATCACA,CGAAGGTT,ACATCACA,CGAAGGTT,.,.
2025Sept Jess Msa 07,12B,2019106,AAGACAAG,AGTGCCAC,AAGACAAG,AGTGCCAC,.,.
2025Sept Jess Msa 07,12C,2019107,CTCGTGCA,GAACAAGT,CTCGTGCA,GAACAAGT,.,.
2025Sept Jess Msa 07,12D,2019108,AATAGCAC,ACGATTGC,AATAGCAC,ACGATTGC,.,.
2025Sept Jess Msa 07,12E,2019109,CACTAAGG,ACGCTAAT,CACTAAGG,ACGCTAAT,.,.
2025Sept Jess Msa 07,12F,2019110,GTCGGCAT,CGGTTATT,GTCGGCAT,CGGTTATT,.,.
2025Sept Jess Msa 07,12G,2019111,GACGCTAG,CATGTAGA,GACGCTAG,CATGTAGA,.,.
2025Sept Jess Msa 07,12H,neg9,CGTAGGCA,GATTGTCA,CGTAGGCA,GATTGTCA,.,.
2025Sept Jess Msa 08,01A,2019112,GTTCTAGT,AGCGGTGG,GTTCTAGT,AGCGGTGG,.,.
2025Sept Jess Msa 08,01B,2019113,AAGAGGTG,TATAGATT,AAGAGGTG,TATAGATT,.,.
2025Sept Jess Msa 08,01C,2019114,GATCTGGC,ACAGAGGC,GATCTGGC,ACAGAGGC,.,.
2025Sept Jess Msa 08,01D,2019115,GAATCCAA,ATTCCTAT,GAATCCAA,ATTCCTAT,.,.
2025Sept Jess Msa 08,01E,2019116,CGGCTAGT,CGCCTTCT,CGGCTAGT,CGCCTTCT,.,.
2025Sept Jess Msa 08,01F,2019117,GCTTGCCG,GCGCAGAG,GCTTGCCG,GCGCAGAG,.,.
2025Sept Jess Msa 08,01G,2019118,CCTGTTGC,AGATATGG,CCTGTTGC,AGATATGG,.,.
2025Sept Jess Msa 08,01H,2019119,TGACTGGT,CCTGCTTG,TGACTGGT,CCTGCTTG,.,.
2025Sept Jess Msa 08,02A,2019120,GATTCCGG,GACGAACA,GATTCCGG,GACGAACA,.,.
2025Sept Jess Msa 08,02B,2019121,TAAGGTGG,TGGCGGTC,TAAGGTGG,TGGCGGTC,.,.
2025Sept Jess Msa 08,02C,2019122,ACTGCAAC,CTTCAGTT,ACTGCAAC,CTTCAGTT,.,.
2025Sept Jess Msa 08,02D,2019123,AACGCACC,CGCGCCTA,AACGCACC,CGCGCCTA,.,.
2025Sept Jess Msa 08,02E,2019124,TTACGCCG,AGGCCAGA,TTACGCCG,AGGCCAGA,.,.
2025Sept Jess Msa 08,02F,2019125,CTGATGTC,CCTTGAAC,CTGATGTC,CCTTGAAC,.,.
2025Sept Jess Msa 08,02G,2019126,AGGAGGAA,TTCATCCA,AGGAGGAA,TTCATCCA,.,.
2025Sept Jess Msa 08,02H,2019128,CTTACACA,CATAACAC,CTTACACA,CATAACAC,.,.
2025Sept Jess Msa 08,03A,2019129,TGGACGCA,TCCTATTA,TGGACGCA,TCCTATTA,.,.
2025Sept Jess Msa 08,03B,2019130,ACGCACCT,CGCGAGCC,ACGCACCT,CGCGAGCC,.,.
2025Sept Jess Msa 08,03C,2019131,CTGGCCAA,ATTACTCA,CTGGCCAA,ATTACTCA,.,.
2025Sept Jess Msa 08,03D,2019132,TCTGGCCT,AATTGGCG,TCTGGCCT,AATTGGCG,.,.
2025Sept Jess Msa 08,03E,2019133,TTAATGCT,TTGTCAAC,TTAATGCT,TTGTCAAC,.,.
2025Sept Jess Msa 08,03F,2019134,TGAGTAAT,GGCGAATT,TGAGTAAT,GGCGAATT,.,.
2025Sept Jess Msa 08,03G,2019135,CTCTGCGC,CAACGTCA,CTCTGCGC,CAACGTCA,.,.
2025Sept Jess Msa 08,03H,2019136,GTATGGCG,TCTTACAT,GTATGGCG,TCTTACAT,.,.
2025Sept Jess Msa 08,04A,2019137,CATATAAC,CGCCATAC,CATATAAC,CGCCATAC,.,.
2025Sept Jess Msa 08,04B,2019138,TGCGAGTG,CTAATGTC,TGCGAGTG,CTAATGTC,.,.
2025Sept Jess Msa 08,04C,2019139,GAGCCGGT,CAACCGGA,GAGCCGGT,CAACCGGA,.,.
2025Sept Jess Msa 08,04D,2019140,CGGTCTAT,GGCAGTAG,CGGTCTAT,GGCAGTAG,.,.
2025Sept Jess Msa 08,04E,2019141,TCAACCAC,TTAGGATA,TCAACCAC,TTAGGATA,.,.
2025Sept Jess Msa 08,04F,2019142,TATTCAGT,GAGTTGTA,TATTCAGT,GAGTTGTA,.,.
2025Sept Jess Msa 08,04G,2019143,ATTATGGA,AACACGTG,ATTATGGA,AACACGTG,.,.
2025Sept Jess Msa 08,04H,2019144,TGGTTAAG,GTGTTACC,TGGTTAAG,GTGTTACC,.,.
2025Sept Jess Msa 08,05A,2019145,CAGTTCTG,TTGACCAA,CAGTTCTG,TTGACCAA,.,.
2025Sept Jess Msa 08,05B,2019146,TGAACCTG,CTGACCGG,TGAACCTG,CTGACCGG,.,.
2025Sept Jess Msa 08,05C,2019147,AACCTTGG,GGACCAAC,AACCTTGG,GGACCAAC,.,.
2025Sept Jess Msa 08,05D,2019148,TTCTCTCG,AATGTATT,TTCTCTCG,AATGTATT,.,.
2025Sept Jess Msa 08,05E,2019149,ACATTGCG,GATCTCTG,ACATTGCG,GATCTCTG,.,.
2025Sept Jess Msa 08,05F,2019150,GGTCTTAG,CAGGCGCC,GGTCTTAG,CAGGCGCC,.,.
2025Sept Jess Msa 08,05G,2019151,GGATGTAG,TTAATAGA,GGATGTAG,TTAATAGA,.,.
2025Sept Jess Msa 08,05H,2019152,TGAGCTAG,GGAGTCGC,TGAGCTAG,GGAGTCGC,.,.
2025Sept Jess Msa 08,06A,2019153,TTGGTGAG,AACGCCAG,TTGGTGAG,AACGCCAG,.,.
2025Sept Jess Msa 08,06B,2019154,TATGGCAG,ACGAGACT,TATGGCAG,ACGAGACT,.,.
2025Sept Jess Msa 08,06C,2019155,GCTGTAAG,GTATCGGC,GCTGTAAG,GTATCGGC,.,.
2025Sept Jess Msa 08,06D,2019156,TAGAGCTC,GTTATATG,TAGAGCTC,GTTATATG,.,.
2025Sept Jess Msa 08,06E,2019157,GCAAGATC,GCCTGCCA,GCAAGATC,GCCTGCCA,.,.
2025Sept Jess Msa 08,06F,2019158,ACATAGGC,GCCGTCTG,ACATAGGC,GCCGTCTG,.,.
2025Sept Jess Msa 08,06G,2019159,AAGAAGGC,CAGAGTGA,AAGAAGGC,CAGAGTGA,.,.
2025Sept Jess Msa 08,06H,2019160,GACATTCC,TCAGTTAA,GACATTCC,TCAGTTAA,.,.
2025Sept Jess Msa 08,07A,2019161,GGAAGCTA,GTGACCTT,GGAAGCTA,GTGACCTT,.,.
2025Sept Jess Msa 08,07B,2019162,GTGCCATA,ACATGCAT,GTGCCATA,ACATGCAT,.,.
2025Sept Jess Msa 08,07C,2019163,CTAGGTGA,CCATGTGT,CTAGGTGA,CCATGTGT,.,.
2025Sept Jess Msa 08,07D,2019164,CTCCTAGA,GAGTCTCT,CTCCTAGA,GAGTCTCT,.,.
2025Sept Jess Msa 08,07E,2019165,CCGTAAGA,GCTATGCG,CCGTAAGA,GCTATGCG,.,.
2025Sept Jess Msa 08,07F,2019166,GCACGTAA,AGTACCTA,GCACGTAA,AGTACCTA,.,.
2025Sept Jess Msa 08,07G,2019167,ACCTGGAA,GACCGGAG,ACCTGGAA,GACCGGAG,.,.
2025Sept Jess Msa 08,07H,2019168,CGTTGCAA,CACGTCCA,CGTTGCAA,CACGTCCA,.,.
2025Sept Jess Msa 08,08A,2019169,TGCACCAA,GCTACTAT,TGCACCAA,GCTACTAT,.,.
2025Sept Jess Msa 08,08B,2019170,ATATACGG,AGTCAACC,ATATACGG,AGTCAACC,.,.
2025Sept Jess Msa 08,08C,2019171,CATTCGGC,CGAGGCGG,CATTCGGC,CGAGGCGG,.,.
2025Sept Jess Msa 08,08D,2019172,AACCGGAG,CAGGTGTT,AACCGGAG,CAGGTGTT,.,.
2025Sept Jess Msa 08,08E,2019173,GAAGTTCG,TGTACTTG,GAAGTTCG,TGTACTTG,.,.
2025Sept Jess Msa 08,08F,2019174,GACAGCGT,CTCTAAGT,GACAGCGT,CTCTAAGT,.,.
2025Sept Jess Msa 08,08G,2019175,ACTTACAG,GTCACCAC,ACTTACAG,GTCACCAC,.,.
2025Sept Jess Msa 08,08H,2019176,GTACCTGA,TGGTGAGT,GTACCTGA,TGGTGAGT,.,.
2025Sept Jess Msa 08,09A,2019177,CGTCGGAT,CTTCGAAG,CGTCGGAT,CTTCGAAG,.,.
2025Sept Jess Msa 08,09B,2019178,GGCTACGT,GTAGAGTC,GGCTACGT,GTAGAGTC,.,.
2025Sept Jess Msa 08,09C,2019179,GTTCGTCT,GACATTGT,GTTCGTCT,GACATTGT,.,.
2025Sept Jess Msa 08,09D,2019180,GGTGTGGA,CGCTTGAA,GGTGTGGA,CGCTTGAA,.,.
2025Sept Jess Msa 08,09E,2019181,GCTGATTC,CAGCGGAC,GCTGATTC,CAGCGGAC,.,.
2025Sept Jess Msa 08,09F,2019182,AGCCGTTA,GACGTTCG,AGCCGTTA,GACGTTCG,.,.
2025Sept Jess Msa 08,09G,2019183,ATATCCTC,CACGGATT,ATATCCTC,CACGGATT,.,.
2025Sept Jess Msa 08,09H,2019184,ACAATCTC,TTGAGGAC,ACAATCTC,TTGAGGAC,.,.
2025Sept Jess Msa 08,10A,2019185,AGACTCAA,GCAACAGG,AGACTCAA,GCAACAGG,.,.
2025Sept Jess Msa 08,10B,2019186,CACACTGC,ACCGCGCA,CACACTGC,ACCGCGCA,.,.
2025Sept Jess Msa 08,10C,2019187,TCTCACGG,AGCCGGAA,TCTCACGG,AGCCGGAA,.,.
2025Sept Jess Msa 08,10D,2019188,TACCCTTT,CCTCGCAA,TACCCTTT,CCTCGCAA,.,.
2025Sept Jess Msa 08,10E,2019189,ACGTTCTT,TAGGAGCG,ACGTTCTT,TAGGAGCG,.,.
2025Sept Jess Msa 08,10F,2019190,GAAATGTC,AGTTAAGA,GAAATGTC,AGTTAAGA,.,.
2025Sept Jess Msa 08,10G,2019191,CGTACTAG,GAGTGTGC,CGTACTAG,GAGTGTGC,.,.
2025Sept Jess Msa 08,10H,2019192,AGGCAGAA,ATTAATAC,AGGCAGAA,ATTAATAC,.,.
2025Sept Jess Msa 08,11A,2019193,TCCTGAGC,TAGGAAGA,TCCTGAGC,TAGGAAGA,.,.
2025Sept Jess Msa 08,11B,2019194,GGACTCCT,CCGTGGCC,GGACTCCT,CCGTGGCC,.,.
2025Sept Jess Msa 08,11C,2019195,TAGGCATG,GGATATAT,TAGGCATG,GGATATAT,.,.
2025Sept Jess Msa 08,11D,2019196,CAGAGAGG,CACCTCTT,CAGAGAGG,CACCTCTT,.,.
2025Sept Jess Msa 08,11E,2019197,GCTACGCT,AACGTTAC,GCTACGCT,AACGTTAC,.,.
2025Sept Jess Msa 08,11F,2019198,CGAGGCTG,CGGCAAGC,CGAGGCTG,CGGCAAGC,.,.
2025Sept Jess Msa 08,11G,2019199,AAGAGGCA,TCTTGGCT,AAGAGGCA,TCTTGGCT,.,.
2025Sept Jess Msa 08,11H,2019200,GTAGAGGA,ACGGAATG,GTAGAGGA,ACGGAATG,.,.